audio_file	has_codeswitch
Chapter1_1_1.wav	0
Chapter1_2_2.wav	0
Chapter1_3_3.wav	0
Chapter1_4_4.wav	0
Chapter1_5_5.wav	1
Chapter1_6_6.wav	0
Chapter1_7_7.wav	1
Chapter1_8_8.wav	1
Chapter1_9_9.wav	1
Chapter1_10_10.wav	1
Chapter1_11_11.wav	1
Chapter1_12_12.wav	1
Chapter1_13_13.wav	0
Chapter1_14_14.wav	0
Chapter1_15_15.wav	0
Chapter1_16_16.wav	1
Chapter1_17_17.wav	0
Chapter1_18_18.wav	1
Chapter1_19_19.wav	1
Chapter1_20_20.wav	1
Chapter1_21_21.wav	1
Chapter1_22_22.wav	0
Chapter1_23_23.wav	1
Chapter1_24_24.wav	1
Chapter1_25_25.wav	1
Chapter1_26_26.wav	0
Chapter1_27_27.wav	0
Chapter1_28_28.wav	0
Chapter1_29_29.wav	1
Chapter1_30_30.wav	1
Chapter1_31_31.wav	0
Chapter1_32_32.wav	0
Chapter1_33_33.wav	0
Chapter1_34_34.wav	1
Chapter1_35_35.wav	0
Chapter1_36_36.wav	0
Chapter1_37_37.wav	1
Chapter1_38_38.wav	0
Chapter1_39_39.wav	1
Chapter1_40_40.wav	0
Chapter1_41_41.wav	0
Chapter1_42_42.wav	1
Chapter1_43_43.wav	1
Chapter1_44_44.wav	0
Chapter1_45_45.wav	1
Chapter1_46_46.wav	0
Chapter1_47_47.wav	0
Chapter1_48_48.wav	0
Chapter1_49_49.wav	0
Chapter1_50_50.wav	0
Chapter1_51_51.wav	0
Chapter1_52_52.wav	0
Chapter1_53_53.wav	0
Chapter1_54_54.wav	0
Chapter1_55_55.wav	0
Chapter1_56_56.wav	0
Chapter1_57_57.wav	0
Chapter1_58_58.wav	1
Chapter1_59_59.wav	0
Chapter1_60_60.wav	0
Chapter1_61_61.wav	1
Chapter1_62_62.wav	0
Chapter1_63_63.wav	0
Chapter1_64_64.wav	0
Chapter1_65_65.wav	1
Chapter1_66_66.wav	0
Chapter1_67_67.wav	0
Chapter1_68_68.wav	0
Chapter1_69_69.wav	1
Chapter1_70_70.wav	0
Chapter1_71_71.wav	0
Chapter1_72_72.wav	0
Chapter1_73_73.wav	0
Chapter1_74_74.wav	0
Chapter1_75_75.wav	0
Chapter1_76_76.wav	1
Chapter1_77_77.wav	0
Chapter1_78_78.wav	1
Chapter1_79_79.wav	1
Chapter1_80_80.wav	0
Chapter1_81_81.wav	1
Chapter1_82_82.wav	1
Chapter1_83_83.wav	0
Chapter1_84_84.wav	1
Chapter1_85_85.wav	0
Chapter1_86_86.wav	1
Chapter1_87_87.wav	0
Chapter1_88_88.wav	0
Chapter1_89_89.wav	1
Chapter1_90_90.wav	0
Chapter1_91_91.wav	0
Chapter1_92_92.wav	0
Chapter1_93_93.wav	1
Chapter1_94_94.wav	1
Chapter1_95_95.wav	0
Chapter1_96_96.wav	1
Chapter1_97_97.wav	1
Chapter1_98_98.wav	0
Chapter1_99_99.wav	1
Chapter1_100_100.wav	1
Chapter1_101_101.wav	0
Chapter1_102_102.wav	1
Chapter1_103_103.wav	1
Chapter1_104_104.wav	1
Chapter1_105_105.wav	1
Chapter1_106_106.wav	0
Chapter1_107_107.wav	0
Chapter1_108_108.wav	0
Chapter1_109_109.wav	0
Chapter1_110_110.wav	0
Chapter1_111_111.wav	0
Chapter1_112_112.wav	0
Chapter1_113_113.wav	1
Chapter1_114_114.wav	1
Chapter1_115_115.wav	1
Chapter1_116_116.wav	0
Chapter1_117_117.wav	1
Chapter1_118_118.wav	0
Chapter1_119_119.wav	1
Chapter1_120_120.wav	1
Chapter1_121_121.wav	0
Chapter1_122_122.wav	0
Chapter1_123_123.wav	1
Chapter1_124_124.wav	1
Chapter1_125_125.wav	0
Chapter1_126_126.wav	0
Chapter1_127_127.wav	0
Chapter1_128_128.wav	0
Chapter1_129_129.wav	0
Chapter1_130_130.wav	0
Chapter1_131_131.wav	0
Chapter1_132_132.wav	1
Chapter1_133_133.wav	0
Chapter1_134_134.wav	0
Chapter1_135_135.wav	0
Chapter1_136_136.wav	1
Chapter1_137_137.wav	1
Chapter1_138_138.wav	1
Chapter1_139_139.wav	0
Chapter1_140_140.wav	0
Chapter1_141_141.wav	0
Chapter1_142_142.wav	1
Chapter1_143_143.wav	1
Chapter1_144_144.wav	1
Chapter1_145_145.wav	0
Chapter1_146_146.wav	1
Chapter1_147_147.wav	1
Chapter1_148_148.wav	1
Chapter1_149_149.wav	1
Chapter1_150_150.wav	0
Chapter1_151_151.wav	1
Chapter1_152_152.wav	1
Chapter1_153_153.wav	1
Chapter1_154_154.wav	0
Chapter1_155_155.wav	1
Chapter1_156_156.wav	1
Chapter1_157_157.wav	1
Chapter1_158_158.wav	1
Chapter1_159_159.wav	1
Chapter1_160_160.wav	1
Chapter1_161_161.wav	1
Chapter1_162_162.wav	1
Chapter1_163_163.wav	0
Chapter1_164_164.wav	0
Chapter1_165_165.wav	1
Chapter1_166_166.wav	0
Chapter1_167_167.wav	1
Chapter1_168_168.wav	0
Chapter1_169_169.wav	1
Chapter1_170_170.wav	0
Chapter1_171_171.wav	1
Chapter1_172_172.wav	0
Chapter1_173_173.wav	1
Chapter1_174_174.wav	1
Chapter1_175_175.wav	1
Chapter1_176_176.wav	1
Chapter1_177_177.wav	0
Chapter1_178_178.wav	0
Chapter1_179_179.wav	1
Chapter1_180_180.wav	0
Chapter1_181_181.wav	1
Chapter1_182_182.wav	0
Chapter1_183_183.wav	0
Chapter1_184_184.wav	0
Chapter1_185_185.wav	0
Chapter1_186_186.wav	0
Chapter1_187_187.wav	0
Chapter1_188_188.wav	0
Chapter1_189_189.wav	1
Chapter1_190_190.wav	0
Chapter1_191_191.wav	0
Chapter1_192_192.wav	0
Chapter1_193_193.wav	1
Chapter1_194_194.wav	1
Chapter2_1_1.wav	1
Chapter2_2_2.wav	1
Chapter2_3_3.wav	1
Chapter2_4_4.wav	1
Chapter2_5_5.wav	1
Chapter2_6_6.wav	1
Chapter2_7_7.wav	1
Chapter2_8_8.wav	0
Chapter2_9_9.wav	0
Chapter2_10_10.wav	1
Chapter2_11_11.wav	0
Chapter2_12_12.wav	0
Chapter2_13_13.wav	1
Chapter2_14_14.wav	0
Chapter2_15_15.wav	1
Chapter2_16_16.wav	0
Chapter2_17_17.wav	0
Chapter2_18_18.wav	0
Chapter2_19_19.wav	0
Chapter2_20_20.wav	1
Chapter2_21_21.wav	0
Chapter2_22_22.wav	0
Chapter2_23_23.wav	0
Chapter2_24_24.wav	1
Chapter2_25_25.wav	0
Chapter2_26_26.wav	1
Chapter2_27_27.wav	1
Chapter2_28_28.wav	0
Chapter2_29_29.wav	0
Chapter2_30_30.wav	0
Chapter2_31_31.wav	0
Chapter2_32_32.wav	1
Chapter2_33_33.wav	1
Chapter2_34_34.wav	0
Chapter2_35_35.wav	0
Chapter2_36_36.wav	1
Chapter2_37_37.wav	0
Chapter2_38_38.wav	1
Chapter2_39_39.wav	1
Chapter2_40_40.wav	1
Chapter2_41_41.wav	0
Chapter2_42_42.wav	0
Chapter2_43_43.wav	0
Chapter2_44_44.wav	0
Chapter2_45_45.wav	0
Chapter2_46_46.wav	0
Chapter2_47_47.wav	1
Chapter2_48_48.wav	0
Chapter2_49_49.wav	1
Chapter2_50_50.wav	1
Chapter2_51_51.wav	0
Chapter2_52_52.wav	1
Chapter2_53_53.wav	1
Chapter2_54_54.wav	0
Chapter2_55_55.wav	0
Chapter2_56_56.wav	1
Chapter2_57_57.wav	0
Chapter2_58_58.wav	1
Chapter2_59_59.wav	0
Chapter2_60_60.wav	1
Chapter2_61_61.wav	0
Chapter2_62_62.wav	0
Chapter2_63_63.wav	0
Chapter2_64_64.wav	0
Chapter2_65_65.wav	0
Chapter2_66_66.wav	0
Chapter2_67_67.wav	0
Chapter2_68_68.wav	0
Chapter2_69_69.wav	0
Chapter2_70_70.wav	1
Chapter2_71_71.wav	0
Chapter2_72_72.wav	0
Chapter2_73_73.wav	0
Chapter2_74_74.wav	0
Chapter2_75_75.wav	0
Chapter2_76_76.wav	0
Chapter2_77_77.wav	1
Chapter2_78_78.wav	1
Chapter2_79_79.wav	1
Chapter2_80_80.wav	0
Chapter2_81_81.wav	1
Chapter2_82_82.wav	0
Chapter2_83_83.wav	1
Chapter2_84_84.wav	1
Chapter2_85_85.wav	0
Chapter2_86_86.wav	1
Chapter2_87_87.wav	1
Chapter2_88_88.wav	0
Chapter2_89_89.wav	0
Chapter2_90_90.wav	0
Chapter2_91_91.wav	0
Chapter2_92_92.wav	1
Chapter2_93_93.wav	0
Chapter2_94_94.wav	0
Chapter2_95_95.wav	0
Chapter2_96_96.wav	0
Chapter2_97_97.wav	0
Chapter2_98_98.wav	1
Chapter2_99_99.wav	1
Chapter2_100_100.wav	0
Chapter2_101_101.wav	1
Chapter2_102_102.wav	0
Chapter2_103_103.wav	0
Chapter2_104_104.wav	1
Chapter2_105_105.wav	0
Chapter2_106_106.wav	0
Chapter2_107_107.wav	1
Chapter2_108_108.wav	0
Chapter2_109_109.wav	1
Chapter2_110_110.wav	0
Chapter2_111_111.wav	0
Chapter2_112_112.wav	0
Chapter2_113_113.wav	0
Chapter2_114_114.wav	0
Chapter2_115_115.wav	0
Chapter2_116_116.wav	0
Chapter2_117_117.wav	1
Chapter2_118_118.wav	1
Chapter2_119_119.wav	0
Chapter2_120_120.wav	0
Chapter2_121_121.wav	0
Chapter2_122_122.wav	1
Chapter2_123_123.wav	0
Chapter2_124_124.wav	1
Chapter2_125_125.wav	1
Chapter2_126_126.wav	1
Chapter2_127_127.wav	0
Chapter2_128_128.wav	0
Chapter2_129_129.wav	1
Chapter2_130_130.wav	0
Chapter2_131_131.wav	0
Chapter2_132_132.wav	1
Chapter2_133_133.wav	0
Chapter2_134_134.wav	1
Chapter2_135_135.wav	1
Chapter2_136_136.wav	0
Chapter2_137_137.wav	0
Chapter2_138_138.wav	0
Chapter2_139_139.wav	1
Chapter2_140_140.wav	0
Chapter2_141_141.wav	1
Chapter2_142_142.wav	0
Chapter2_143_143.wav	0
Chapter2_144_144.wav	0
Chapter2_145_145.wav	0
Chapter2_146_146.wav	0
Chapter2_147_147.wav	0
Chapter2_148_148.wav	0
Chapter2_149_149.wav	0
Chapter2_150_150.wav	1
Chapter2_151_151.wav	1
Chapter2_152_152.wav	1
Chapter2_153_153.wav	1
Chapter2_154_154.wav	0
Chapter2_155_155.wav	0
Chapter2_156_156.wav	1
Chapter2_157_157.wav	1
Chapter2_158_158.wav	0
Chapter2_159_159.wav	0
Chapter2_160_160.wav	0
Chapter2_161_161.wav	0
Chapter2_162_162.wav	1
Chapter2_163_163.wav	1
Chapter2_164_164.wav	0
Chapter2_165_165.wav	0
Chapter2_166_166.wav	0
Chapter2_167_167.wav	1
Chapter2_168_168.wav	0
Chapter2_169_169.wav	0
Chapter2_170_170.wav	0
Chapter2_171_171.wav	0
Chapter2_172_172.wav	0
Chapter2_173_173.wav	0
Chapter2_174_174.wav	0
Chapter2_175_175.wav	0
Chapter2_176_176.wav	0
Chapter2_177_177.wav	0
Chapter2_178_178.wav	0
Chapter2_179_179.wav	0
Chapter2_180_180.wav	0
Chapter2_181_181.wav	0
Chapter2_182_182.wav	0
Chapter2_183_183.wav	0
Chapter2_184_184.wav	0
Chapter2_185_185.wav	0
Chapter2_186_186.wav	0
Chapter2_187_187.wav	0
Chapter2_188_188.wav	0
Chapter2_189_189.wav	0
Chapter2_190_190.wav	1
Chapter2_191_191.wav	1
Chapter3_1_1.wav	1
Chapter3_2_2.wav	1
Chapter3_3_3.wav	0
Chapter3_4_4.wav	0
Chapter3_5_5.wav	0
Chapter3_6_6.wav	0
Chapter3_7_7.wav	0
Chapter3_8_8.wav	1
Chapter3_9_9.wav	1
Chapter3_10_10.wav	1
Chapter3_11_11.wav	0
Chapter3_12_12.wav	0
Chapter3_13_13.wav	1
Chapter3_14_14.wav	0
Chapter3_15_15.wav	0
Chapter3_16_16.wav	0
Chapter3_17_17.wav	0
Chapter3_18_18.wav	0
Chapter3_19_19.wav	0
Chapter3_20_20.wav	0
Chapter3_21_21.wav	1
Chapter3_22_22.wav	1
Chapter3_23_23.wav	0
Chapter3_24_24.wav	0
Chapter3_25_25.wav	0
Chapter3_26_26.wav	0
Chapter3_27_27.wav	0
Chapter3_28_28.wav	1
Chapter3_29_29.wav	0
Chapter3_30_30.wav	1
Chapter3_31_31.wav	1
Chapter3_32_32.wav	0
Chapter3_33_33.wav	0
Chapter3_34_34.wav	0
Chapter3_35_35.wav	1
Chapter3_36_36.wav	0
Chapter3_37_37.wav	0
Chapter3_38_38.wav	0
Chapter3_39_39.wav	0
Chapter3_40_40.wav	0
Chapter3_41_41.wav	0
Chapter3_42_42.wav	0
Chapter3_43_43.wav	0
Chapter3_44_44.wav	0
Chapter3_45_45.wav	0
Chapter3_46_46.wav	0
Chapter3_47_47.wav	0
Chapter3_48_48.wav	0
Chapter3_49_49.wav	0
Chapter3_50_50.wav	0
Chapter3_51_51.wav	0
Chapter3_52_52.wav	0
Chapter3_53_53.wav	1
Chapter3_54_54.wav	1
Chapter3_55_55.wav	0
Chapter3_56_56.wav	0
Chapter3_57_57.wav	0
Chapter3_58_58.wav	0
Chapter3_59_59.wav	0
Chapter3_60_60.wav	0
Chapter3_61_61.wav	0
Chapter3_62_62.wav	1
Chapter3_63_63.wav	0
Chapter3_64_64.wav	0
Chapter3_65_65.wav	0
Chapter3_66_66.wav	0
Chapter3_67_67.wav	0
Chapter3_68_68.wav	0
Chapter3_69_69.wav	0
Chapter3_70_70.wav	0
Chapter3_71_71.wav	0
Chapter3_72_72.wav	0
Chapter3_73_73.wav	1
Chapter3_74_74.wav	1
Chapter3_75_75.wav	0
Chapter3_76_76.wav	0
Chapter3_77_77.wav	1
Chapter3_78_78.wav	0
Chapter3_79_79.wav	1
Chapter3_80_80.wav	1
Chapter3_81_81.wav	1
Chapter3_82_82.wav	0
Chapter3_83_83.wav	1
Chapter3_84_84.wav	0
Chapter3_85_85.wav	1
Chapter3_86_86.wav	0
Chapter3_87_87.wav	0
Chapter3_88_88.wav	1
Chapter3_89_89.wav	0
Chapter3_90_90.wav	1
Chapter3_91_91.wav	1
Chapter3_92_92.wav	0
Chapter3_93_93.wav	0
Chapter3_94_94.wav	0
Chapter3_95_95.wav	1
Chapter3_96_96.wav	0
Chapter3_97_97.wav	0
Chapter3_98_98.wav	1
Chapter3_99_99.wav	0
Chapter3_100_100.wav	1
Chapter3_101_101.wav	0
Chapter3_102_102.wav	0
Chapter3_103_103.wav	1
Chapter3_104_104.wav	0
Chapter3_105_105.wav	1
Chapter3_106_106.wav	0
Chapter3_107_107.wav	0
Chapter3_108_108.wav	1
Chapter3_109_109.wav	0
Chapter3_110_110.wav	1
Chapter3_111_111.wav	1
Chapter3_112_112.wav	1
Chapter3_113_113.wav	1
Chapter3_114_114.wav	1
Chapter3_115_115.wav	1
Chapter3_116_116.wav	0
Chapter3_117_117.wav	0
Chapter3_118_118.wav	1
Chapter3_119_119.wav	1
Chapter3_120_120.wav	0
Chapter3_121_121.wav	1
Chapter3_122_122.wav	0
Chapter3_123_123.wav	1
Chapter3_124_124.wav	1
Chapter3_125_125.wav	1
Chapter3_126_126.wav	0
Chapter3_127_127.wav	1
Chapter3_128_128.wav	1
Chapter3_129_129.wav	1
Chapter3_130_130.wav	1
Chapter3_131_131.wav	0
Chapter3_132_132.wav	0
Chapter3_133_133.wav	0
Chapter3_134_134.wav	1
Chapter3_135_135.wav	0
Chapter3_136_136.wav	1
Chapter3_137_137.wav	0
Chapter3_138_138.wav	1
Chapter3_139_139.wav	0
Chapter3_140_140.wav	1
Chapter3_141_141.wav	0
Chapter3_142_142.wav	0
Chapter3_143_143.wav	0
Chapter3_144_144.wav	1
Chapter3_145_145.wav	1
Chapter3_146_146.wav	0
Chapter3_147_147.wav	0
Chapter3_148_148.wav	0
Chapter3_149_149.wav	0
Chapter3_150_150.wav	0
Chapter3_151_151.wav	0
Chapter3_152_152.wav	0
Chapter3_153_153.wav	0
Chapter3_154_154.wav	0
Chapter3_155_155.wav	1
Chapter3_156_156.wav	0
Chapter3_157_157.wav	0
Chapter3_158_158.wav	0
Chapter3_159_159.wav	1
Chapter3_160_160.wav	1
Chapter3_161_161.wav	0
Chapter3_162_162.wav	0
Chapter3_163_163.wav	0
Chapter3_164_164.wav	0
Chapter3_165_165.wav	1
Chapter3_166_166.wav	1
Chapter3_167_167.wav	0
Chapter3_168_168.wav	1
Chapter3_169_169.wav	0
Chapter3_170_170.wav	0
Chapter3_171_171.wav	1
Chapter3_172_172.wav	0
Chapter3_173_173.wav	0
Chapter3_174_174.wav	0
Chapter3_175_175.wav	0
Chapter3_176_176.wav	0
Chapter3_177_177.wav	0
Chapter3_178_178.wav	0
Chapter3_179_179.wav	0
Chapter3_180_180.wav	0
Chapter3_181_181.wav	0
Chapter3_182_182.wav	0
Chapter3_183_183.wav	1
Chapter3_184_184.wav	1
Chapter3_185_185.wav	0
Chapter3_186_186.wav	0
Chapter3_187_187.wav	0
Chapter3_188_188.wav	0
Chapter3_189_189.wav	0
Chapter3_190_190.wav	0
Chapter3_191_191.wav	0
Chapter3_192_192.wav	0
Chapter3_193_193.wav	0
Chapter3_194_194.wav	0
Chapter3_195_195.wav	1
Chapter3_196_196.wav	1
Chapter4_1_1.wav	1
Chapter4_2_2.wav	0
Chapter4_3_3.wav	0
Chapter4_4_4.wav	0
Chapter4_5_5.wav	0
Chapter4_6_6.wav	1
Chapter4_7_7.wav	1
Chapter4_8_8.wav	1
Chapter4_9_9.wav	1
Chapter4_10_10.wav	1
Chapter4_11_11.wav	1
Chapter4_12_12.wav	0
Chapter4_13_13.wav	0
Chapter4_14_14.wav	0
Chapter4_15_15.wav	1
Chapter4_16_16.wav	0
Chapter4_17_17.wav	1
Chapter4_18_18.wav	0
Chapter4_19_19.wav	0
Chapter4_20_20.wav	1
Chapter4_21_21.wav	0
Chapter4_22_22.wav	0
Chapter4_23_23.wav	0
Chapter4_24_24.wav	1
Chapter4_25_25.wav	1
Chapter4_26_26.wav	1
Chapter4_27_27.wav	1
Chapter4_28_28.wav	1
Chapter4_29_29.wav	0
Chapter4_30_30.wav	0
Chapter4_31_31.wav	1
Chapter4_32_32.wav	0
Chapter4_33_33.wav	0
Chapter4_34_34.wav	0
Chapter4_35_35.wav	0
Chapter4_36_36.wav	0
Chapter4_37_37.wav	0
Chapter4_38_38.wav	0
Chapter4_39_39.wav	0
Chapter4_40_40.wav	1
Chapter4_41_41.wav	1
Chapter4_42_42.wav	1
Chapter4_43_43.wav	1
Chapter4_44_44.wav	1
Chapter4_45_45.wav	0
Chapter4_46_46.wav	1
Chapter4_47_47.wav	1
Chapter4_48_48.wav	1
Chapter4_49_49.wav	1
Chapter4_50_50.wav	1
Chapter4_51_51.wav	1
Chapter4_52_52.wav	1
Chapter4_53_53.wav	0
Chapter4_54_54.wav	0
Chapter4_55_55.wav	1
Chapter4_56_56.wav	0
Chapter4_57_57.wav	0
Chapter4_58_58.wav	0
Chapter4_59_59.wav	0
Chapter4_60_60.wav	0
Chapter4_61_61.wav	0
Chapter4_62_62.wav	0
Chapter4_63_63.wav	0
Chapter4_64_64.wav	0
Chapter4_65_65.wav	1
Chapter4_66_66.wav	1
Chapter4_67_67.wav	0
Chapter4_68_68.wav	0
Chapter4_69_69.wav	0
Chapter4_70_70.wav	0
Chapter4_71_71.wav	0
Chapter4_72_72.wav	1
Chapter4_73_73.wav	1
Chapter4_74_74.wav	0
Chapter4_75_75.wav	0
Chapter4_76_76.wav	1
Chapter4_77_77.wav	0
Chapter4_78_78.wav	1
Chapter4_79_79.wav	1
Chapter4_80_80.wav	0
Chapter4_81_81.wav	1
Chapter4_82_82.wav	0
Chapter4_83_83.wav	1
Chapter4_84_84.wav	0
Chapter4_85_85.wav	0
Chapter4_86_86.wav	0
Chapter4_87_87.wav	0
Chapter4_88_88.wav	0
Chapter4_89_89.wav	0
Chapter4_90_90.wav	0
Chapter4_91_91.wav	1
Chapter4_92_92.wav	1
Chapter4_93_93.wav	0
Chapter4_94_94.wav	1
Chapter4_95_95.wav	0
Chapter4_96_96.wav	1
Chapter4_97_97.wav	1
Chapter4_98_98.wav	1
Chapter4_99_99.wav	1
Chapter4_100_100.wav	0
Chapter4_101_101.wav	0
Chapter4_102_102.wav	0
Chapter4_103_103.wav	1
Chapter4_104_104.wav	0
Chapter4_105_105.wav	1
Chapter4_106_106.wav	0
Chapter4_107_107.wav	0
Chapter4_108_108.wav	1
Chapter4_109_109.wav	0
Chapter4_110_110.wav	1
Chapter4_111_111.wav	1
Chapter4_112_112.wav	1
Chapter4_113_113.wav	0
Chapter4_114_114.wav	0
Chapter4_115_115.wav	0
Chapter4_116_116.wav	0
Chapter4_117_117.wav	1
Chapter4_118_118.wav	1
Chapter4_119_119.wav	0
Chapter4_120_120.wav	1
Chapter4_121_121.wav	1
Chapter4_122_122.wav	1
Chapter4_123_123.wav	1
Chapter4_124_124.wav	1
Chapter4_125_125.wav	1
Chapter4_126_126.wav	0
Chapter4_127_127.wav	1
Chapter4_128_128.wav	1
Chapter4_129_129.wav	1
Chapter4_130_130.wav	1
Chapter4_131_131.wav	0
Chapter4_132_132.wav	0
Chapter4_133_133.wav	0
Chapter4_134_134.wav	1
Chapter4_135_135.wav	0
Chapter4_136_136.wav	0
Chapter4_137_137.wav	0
Chapter4_138_138.wav	0
Chapter4_139_139.wav	0
Chapter4_140_140.wav	0
Chapter4_141_141.wav	1
Chapter4_142_142.wav	1
Chapter4_143_143.wav	1
Chapter4_144_144.wav	0
Chapter4_145_145.wav	1
Chapter4_146_146.wav	0
Chapter4_147_147.wav	1
Chapter4_148_148.wav	0
Chapter4_149_149.wav	1
Chapter4_150_150.wav	0
Chapter4_151_151.wav	0
Chapter4_152_152.wav	1
Chapter4_153_153.wav	0
Chapter4_154_154.wav	1
Chapter4_155_155.wav	1
Chapter4_156_156.wav	1
Chapter4_157_157.wav	1
Chapter5_1_1.wav	1
Chapter5_2_2.wav	1
Chapter5_3_3.wav	1
Chapter5_4_4.wav	1
Chapter5_5_5.wav	0
Chapter5_6_6.wav	0
Chapter5_7_7.wav	0
Chapter5_8_8.wav	1
Chapter5_9_9.wav	0
Chapter5_10_10.wav	1
Chapter5_11_11.wav	1
Chapter5_12_12.wav	1
Chapter5_13_13.wav	1
Chapter5_14_14.wav	1
Chapter5_15_15.wav	0
Chapter5_16_16.wav	0
Chapter5_17_17.wav	0
Chapter5_18_18.wav	1
Chapter5_19_19.wav	0
Chapter5_20_20.wav	0
Chapter5_21_21.wav	1
Chapter5_22_22.wav	1
Chapter5_23_23.wav	1
Chapter5_24_24.wav	0
Chapter5_25_25.wav	1
Chapter5_26_26.wav	0
Chapter5_27_27.wav	0
Chapter5_28_28.wav	1
Chapter5_29_29.wav	1
Chapter5_30_30.wav	0
Chapter5_31_31.wav	0
Chapter5_32_32.wav	0
Chapter5_33_33.wav	0
Chapter5_34_34.wav	0
Chapter5_35_35.wav	0
Chapter5_36_36.wav	0
Chapter5_37_37.wav	0
Chapter5_38_38.wav	0
Chapter5_39_39.wav	0
Chapter5_40_40.wav	0
Chapter5_41_41.wav	0
Chapter5_42_42.wav	0
Chapter5_43_43.wav	1
Chapter5_44_44.wav	0
Chapter5_45_45.wav	1
Chapter5_46_46.wav	1
Chapter5_47_47.wav	0
Chapter5_48_48.wav	0
Chapter5_49_49.wav	0
Chapter5_50_50.wav	0
Chapter5_51_51.wav	0
Chapter5_52_52.wav	1
Chapter5_53_53.wav	0
Chapter5_54_54.wav	1
Chapter5_55_55.wav	0
Chapter5_56_56.wav	0
Chapter5_57_57.wav	1
Chapter5_58_58.wav	0
Chapter5_59_59.wav	1
Chapter5_60_60.wav	0
Chapter5_61_61.wav	0
Chapter5_62_62.wav	1
Chapter5_63_63.wav	0
Chapter5_64_64.wav	0
Chapter5_65_65.wav	1
Chapter5_66_66.wav	1
Chapter5_67_67.wav	1
Chapter5_68_68.wav	0
Chapter5_69_69.wav	0
Chapter5_70_70.wav	1
Chapter5_71_71.wav	0
Chapter5_72_72.wav	0
Chapter5_73_73.wav	0
Chapter5_74_74.wav	0
Chapter5_75_75.wav	1
Chapter5_76_76.wav	1
Chapter5_77_77.wav	0
Chapter5_78_78.wav	1
Chapter5_79_79.wav	0
Chapter5_80_80.wav	1
Chapter5_81_81.wav	0
Chapter5_82_82.wav	1
Chapter5_83_83.wav	1
Chapter5_84_84.wav	0
Chapter5_85_85.wav	0
Chapter5_86_86.wav	1
Chapter5_87_87.wav	1
Chapter5_88_88.wav	1
Chapter5_89_89.wav	0
Chapter5_90_90.wav	0
Chapter5_91_91.wav	1
Chapter5_92_92.wav	0
Chapter5_93_93.wav	0
Chapter5_94_94.wav	0
Chapter5_95_95.wav	0
Chapter5_96_96.wav	0
Chapter5_97_97.wav	0
Chapter5_98_98.wav	0
Chapter5_99_99.wav	0
Chapter5_100_100.wav	0
Chapter5_101_101.wav	0
Chapter5_102_102.wav	0
Chapter5_103_103.wav	1
Chapter5_104_104.wav	0
Chapter5_105_105.wav	1
Chapter5_106_106.wav	0
Chapter5_107_107.wav	0
Chapter5_108_108.wav	1
Chapter5_109_109.wav	1
Chapter5_110_110.wav	0
Chapter5_111_111.wav	1
Chapter5_112_112.wav	0
Chapter5_113_113.wav	0
Chapter5_114_114.wav	0
Chapter5_115_115.wav	0
Chapter5_116_116.wav	0
Chapter5_117_117.wav	0
Chapter5_118_118.wav	0
Chapter5_119_119.wav	0
Chapter5_120_120.wav	1
Chapter5_121_121.wav	0
Chapter5_122_122.wav	1
Chapter5_123_123.wav	1
Chapter5_124_124.wav	0
Chapter5_125_125.wav	0
Chapter5_126_126.wav	0
Chapter5_127_127.wav	0
Chapter5_128_128.wav	1
Chapter5_129_129.wav	0
Chapter5_130_130.wav	0
Chapter5_131_131.wav	0
Chapter5_132_132.wav	0
Chapter5_133_133.wav	0
Chapter5_134_134.wav	0
Chapter5_135_135.wav	0
Chapter5_136_136.wav	0
Chapter5_137_137.wav	1
Chapter5_138_138.wav	0
Chapter5_139_139.wav	0
Chapter5_140_140.wav	1
Chapter5_141_141.wav	1
Chapter5_142_142.wav	1
Chapter5_143_143.wav	0
Chapter5_144_144.wav	0
Chapter5_145_145.wav	1
Chapter5_146_146.wav	1
Chapter5_147_147.wav	0
Chapter5_148_148.wav	0
Chapter5_149_149.wav	0
Chapter5_150_150.wav	1
Chapter5_151_151.wav	0
Chapter5_152_152.wav	0
Chapter5_153_153.wav	0
Chapter5_154_154.wav	1
Chapter5_155_155.wav	1
Chapter5_156_156.wav	1
Chapter5_157_157.wav	0
Chapter5_158_158.wav	1
Chapter5_159_159.wav	1
Chapter5_160_160.wav	0
Chapter5_161_161.wav	1
Chapter5_162_162.wav	1
Chapter5_163_163.wav	0
Chapter5_164_164.wav	0
Chapter5_165_165.wav	1
Chapter5_166_166.wav	0
Chapter5_167_167.wav	0
Chapter5_168_168.wav	0
Chapter5_169_169.wav	0
Chapter5_170_170.wav	1
Chapter5_171_171.wav	1
Chapter5_172_172.wav	1
Chapter5_173_173.wav	1
Chapter5_174_174.wav	1
Chapter5_175_175.wav	1
Chapter5_176_176.wav	0
Chapter5_177_177.wav	1
Chapter5_178_178.wav	0
Chapter5_179_179.wav	0
Chapter5_180_180.wav	0
Chapter5_181_181.wav	0
Chapter5_182_182.wav	0
Chapter5_183_183.wav	0
Chapter5_184_184.wav	1
Chapter5_185_185.wav	1
Chapter5_186_186.wav	0
Chapter5_187_187.wav	0
Chapter5_188_188.wav	1
Chapter5_189_189.wav	1
Chapter5_190_190.wav	1
Chapter5_191_191.wav	1
Chapter5_192_192.wav	0
Chapter5_193_193.wav	0
Chapter5_194_194.wav	0
Chapter5_195_195.wav	0
Chapter5_196_196.wav	0
Chapter5_197_197.wav	0
Chapter5_198_198.wav	1
Chapter5_199_199.wav	0
Chapter5_200_200.wav	1
Chapter5_201_201.wav	0
Chapter5_202_202.wav	0
Chapter5_203_203.wav	0
Chapter5_204_204.wav	0
Chapter5_205_205.wav	0
Chapter5_206_206.wav	0
Chapter5_207_207.wav	0
Chapter5_208_208.wav	0
Chapter5_209_209.wav	0
Chapter5_210_210.wav	1
Chapter5_211_211.wav	0
Chapter5_212_212.wav	1
Chapter5_213_213.wav	1
Chapter5_214_214.wav	1
Chapter5_215_215.wav	1
Chapter5_216_216.wav	1
Chapter5_217_217.wav	1
Chapter5_218_218.wav	1
Chapter5_219_219.wav	0
Chapter5_220_220.wav	1
Chapter5_221_221.wav	1
Chapter5_222_222.wav	0
Chapter5_223_223.wav	1
Chapter5_224_224.wav	1
Chapter5_225_225.wav	1
Chapter5_226_226.wav	0
Chapter5_227_227.wav	1
Chapter5_228_228.wav	0
Chapter5_229_229.wav	0
Chapter5_230_230.wav	0
Chapter5_231_231.wav	0
Chapter5_232_232.wav	0
Chapter5_233_233.wav	0
Chapter5_234_234.wav	0
Chapter5_235_235.wav	0
Chapter5_236_236.wav	1
Chapter5_237_237.wav	1
Chapter5_238_238.wav	1
Chapter6_1_1.wav	0
Chapter6_2_2.wav	1
Chapter6_3_3.wav	1
Chapter6_4_4.wav	0
Chapter6_5_5.wav	0
Chapter6_6_6.wav	0
Chapter6_7_7.wav	1
Chapter6_8_8.wav	0
Chapter6_9_9.wav	0
Chapter6_10_10.wav	0
Chapter6_11_11.wav	0
Chapter6_12_12.wav	1
Chapter6_13_13.wav	1
Chapter6_14_14.wav	1
Chapter6_15_15.wav	0
Chapter6_16_16.wav	0
Chapter6_17_17.wav	0
Chapter6_18_18.wav	0
Chapter6_19_19.wav	0
Chapter6_20_20.wav	0
Chapter6_21_21.wav	1
Chapter6_22_22.wav	0
Chapter6_23_23.wav	0
Chapter6_24_24.wav	0
Chapter6_25_25.wav	1
Chapter6_26_26.wav	1
Chapter6_27_27.wav	0
Chapter6_28_28.wav	0
Chapter6_29_29.wav	1
Chapter6_30_30.wav	0
Chapter6_31_31.wav	1
Chapter6_32_32.wav	1
Chapter6_33_33.wav	1
Chapter6_34_34.wav	1
Chapter6_35_35.wav	0
Chapter6_36_36.wav	1
Chapter6_37_37.wav	1
Chapter6_38_38.wav	0
Chapter6_39_39.wav	0
Chapter6_40_40.wav	0
Chapter6_41_41.wav	0
Chapter6_42_42.wav	0
Chapter6_43_43.wav	0
Chapter6_44_44.wav	0
Chapter6_45_45.wav	0
Chapter6_46_46.wav	0
Chapter6_47_47.wav	0
Chapter6_48_48.wav	1
Chapter6_49_49.wav	0
Chapter6_50_50.wav	0
Chapter6_51_51.wav	0
Chapter6_52_52.wav	0
Chapter6_53_53.wav	1
Chapter6_54_54.wav	0
Chapter6_55_55.wav	0
Chapter6_56_56.wav	0
Chapter6_57_57.wav	0
Chapter6_58_58.wav	0
Chapter6_59_59.wav	1
Chapter6_60_60.wav	1
Chapter6_61_61.wav	1
Chapter6_62_62.wav	0
Chapter6_63_63.wav	1
Chapter6_64_64.wav	1
Chapter6_65_65.wav	1
Chapter6_66_66.wav	0
Chapter6_67_67.wav	1
Chapter6_68_68.wav	1
Chapter6_69_69.wav	1
Chapter6_70_70.wav	0
Chapter6_71_71.wav	0
Chapter6_72_72.wav	1
Chapter6_73_73.wav	0
Chapter6_74_74.wav	1
Chapter6_75_75.wav	0
Chapter6_76_76.wav	1
Chapter6_77_77.wav	1
Chapter6_78_78.wav	1
Chapter6_79_79.wav	0
Chapter6_80_80.wav	0
Chapter6_81_81.wav	0
Chapter6_82_82.wav	1
Chapter6_83_83.wav	1
Chapter6_84_84.wav	1
Chapter6_85_85.wav	1
Chapter6_86_86.wav	1
Chapter6_87_87.wav	0
Chapter6_88_88.wav	1
Chapter6_89_89.wav	0
Chapter6_90_90.wav	0
Chapter6_91_91.wav	0
Chapter6_92_92.wav	0
Chapter6_93_93.wav	0
Chapter6_94_94.wav	0
Chapter6_95_95.wav	1
Chapter6_96_96.wav	1
Chapter6_97_97.wav	0
Chapter6_98_98.wav	0
Chapter6_99_99.wav	0
Chapter6_100_100.wav	1
Chapter6_101_101.wav	1
Chapter6_102_102.wav	0
Chapter6_103_103.wav	1
Chapter6_104_104.wav	0
Chapter6_105_105.wav	1
Chapter6_106_106.wav	0
Chapter6_107_107.wav	0
Chapter6_108_108.wav	1
Chapter6_109_109.wav	0
Chapter6_110_110.wav	0
Chapter6_111_111.wav	0
Chapter6_112_112.wav	0
Chapter6_113_113.wav	0
Chapter6_114_114.wav	0
Chapter6_115_115.wav	0
Chapter6_116_116.wav	1
Chapter6_117_117.wav	1
Chapter6_118_118.wav	0
Chapter6_119_119.wav	0
Chapter6_120_120.wav	0
Chapter6_121_121.wav	0
Chapter6_122_122.wav	0
Chapter6_123_123.wav	0
Chapter6_124_124.wav	0
Chapter6_125_125.wav	0
Chapter6_126_126.wav	0
Chapter6_127_127.wav	1
Chapter6_128_128.wav	0
Chapter6_129_129.wav	0
Chapter6_130_130.wav	1
Chapter6_131_131.wav	0
Chapter6_132_132.wav	1
Chapter6_133_133.wav	1
Chapter6_134_134.wav	0
Chapter6_135_135.wav	1
Chapter6_136_136.wav	1
Chapter6_137_137.wav	0
Chapter6_138_138.wav	0
Chapter6_139_139.wav	1
Chapter6_140_140.wav	1
Chapter6_141_141.wav	1
Chapter6_142_142.wav	0
Chapter6_143_143.wav	0
Chapter6_144_144.wav	1
Chapter6_145_145.wav	0
Chapter6_146_146.wav	0
Chapter6_147_147.wav	0
Chapter6_148_148.wav	0
Chapter6_149_149.wav	0
Chapter6_150_150.wav	0
Chapter6_151_151.wav	1
Chapter6_152_152.wav	0
Chapter6_153_153.wav	0
Chapter6_154_154.wav	0
Chapter6_155_155.wav	1
Chapter6_156_156.wav	0
Chapter6_157_157.wav	0
Chapter6_158_158.wav	0
Chapter6_159_159.wav	0
Chapter6_160_160.wav	1
Chapter6_161_161.wav	0
Chapter6_162_162.wav	0
Chapter6_163_163.wav	0
Chapter6_164_164.wav	0
Chapter6_165_165.wav	0
Chapter6_166_166.wav	0
Chapter6_167_167.wav	0
Chapter6_168_168.wav	0
Chapter6_169_169.wav	0
Chapter6_170_170.wav	0
Chapter6_171_171.wav	0
Chapter6_172_172.wav	1
Chapter6_173_173.wav	0
Chapter6_174_174.wav	0
Chapter6_175_175.wav	0
Chapter6_176_176.wav	0
Chapter6_177_177.wav	0
Chapter6_178_178.wav	1
Chapter6_179_179.wav	0
Chapter6_180_180.wav	1
Chapter6_181_181.wav	1
Chapter6_182_182.wav	0
Chapter6_183_183.wav	1
Chapter6_184_184.wav	0
Chapter6_185_185.wav	1
Chapter6_186_186.wav	1
Chapter7_1_1.wav	1
Chapter7_2_2.wav	0
Chapter7_3_3.wav	0
Chapter7_4_4.wav	0
Chapter7_5_5.wav	0
Chapter7_6_6.wav	1
Chapter7_7_7.wav	0
Chapter7_8_8.wav	1
Chapter7_9_9.wav	1
Chapter7_10_10.wav	1
Chapter7_11_11.wav	0
Chapter7_12_12.wav	1
Chapter7_13_13.wav	1
Chapter7_14_14.wav	1
Chapter7_15_15.wav	1
Chapter7_16_16.wav	0
Chapter7_17_17.wav	1
Chapter7_18_18.wav	1
Chapter7_19_19.wav	1
Chapter7_20_20.wav	0
Chapter7_21_21.wav	0
Chapter7_22_22.wav	1
Chapter7_23_23.wav	0
Chapter7_24_24.wav	0
Chapter7_25_25.wav	1
Chapter7_26_26.wav	0
Chapter7_27_27.wav	0
Chapter7_28_28.wav	0
Chapter7_29_29.wav	0
Chapter7_30_30.wav	1
Chapter7_31_31.wav	0
Chapter7_32_32.wav	1
Chapter7_33_33.wav	1
Chapter7_34_34.wav	1
Chapter7_35_35.wav	1
Chapter7_36_36.wav	1
Chapter7_37_37.wav	1
Chapter7_38_38.wav	0
Chapter7_39_39.wav	1
Chapter7_40_40.wav	1
Chapter7_41_41.wav	1
Chapter7_42_42.wav	1
Chapter7_43_43.wav	0
Chapter7_44_44.wav	0
Chapter7_45_45.wav	0
Chapter7_46_46.wav	1
Chapter7_47_47.wav	0
Chapter7_48_48.wav	0
Chapter7_49_49.wav	0
Chapter7_50_50.wav	1
Chapter7_51_51.wav	0
Chapter7_52_52.wav	1
Chapter7_53_53.wav	1
Chapter7_54_54.wav	0
Chapter7_55_55.wav	0
Chapter7_56_56.wav	0
Chapter7_57_57.wav	1
Chapter7_58_58.wav	0
Chapter7_59_59.wav	0
Chapter7_60_60.wav	0
Chapter7_61_61.wav	0
Chapter7_62_62.wav	0
Chapter7_63_63.wav	0
Chapter7_64_64.wav	1
Chapter7_65_65.wav	1
Chapter7_66_66.wav	1
Chapter7_67_67.wav	0
Chapter7_68_68.wav	0
Chapter7_69_69.wav	0
Chapter7_70_70.wav	0
Chapter7_71_71.wav	0
Chapter7_72_72.wav	0
Chapter7_73_73.wav	0
Chapter7_74_74.wav	0
Chapter7_75_75.wav	1
Chapter7_76_76.wav	0
Chapter7_77_77.wav	0
Chapter7_78_78.wav	0
Chapter7_79_79.wav	1
Chapter7_80_80.wav	1
Chapter7_81_81.wav	1
Chapter7_82_82.wav	0
Chapter7_83_83.wav	1
Chapter7_84_84.wav	1
Chapter7_85_85.wav	0
Chapter7_86_86.wav	1
Chapter7_87_87.wav	1
Chapter7_88_88.wav	0
Chapter7_89_89.wav	0
Chapter7_90_90.wav	0
Chapter7_91_91.wav	0
Chapter7_92_92.wav	0
Chapter7_93_93.wav	0
Chapter7_94_94.wav	1
Chapter7_95_95.wav	0
Chapter7_96_96.wav	0
Chapter7_97_97.wav	0
Chapter7_98_98.wav	1
Chapter7_99_99.wav	0
Chapter7_100_100.wav	1
Chapter7_101_101.wav	1
Chapter7_102_102.wav	0
Chapter7_103_103.wav	1
Chapter7_104_104.wav	1
Chapter7_105_105.wav	0
Chapter7_106_106.wav	1
Chapter7_107_107.wav	0
Chapter7_108_108.wav	1
Chapter7_109_109.wav	1
Chapter7_110_110.wav	0
Chapter7_111_111.wav	0
Chapter7_112_112.wav	0
Chapter7_113_113.wav	0
Chapter7_114_114.wav	1
Chapter7_115_115.wav	1
Chapter7_116_116.wav	1
Chapter7_117_117.wav	0
Chapter7_118_118.wav	1
Chapter7_119_119.wav	1
Chapter7_120_120.wav	1
Chapter7_121_121.wav	0
Chapter7_122_122.wav	1
Chapter7_123_123.wav	1
Chapter7_124_124.wav	0
Chapter7_125_125.wav	0
Chapter7_126_126.wav	1
Chapter7_127_127.wav	1
Chapter7_128_128.wav	1
Chapter7_129_129.wav	0
Chapter7_130_130.wav	0
Chapter7_131_131.wav	0
Chapter7_132_132.wav	1
Chapter7_133_133.wav	0
Chapter7_134_134.wav	1
Chapter7_135_135.wav	0
Chapter7_136_136.wav	0
Chapter7_137_137.wav	0
Chapter7_138_138.wav	0
Chapter7_139_139.wav	0
Chapter7_140_140.wav	0
Chapter7_141_141.wav	0
Chapter7_142_142.wav	0
Chapter7_143_143.wav	0
Chapter7_144_144.wav	1
Chapter7_145_145.wav	1
Chapter7_146_146.wav	0
Chapter7_147_147.wav	0
Chapter7_148_148.wav	0
Chapter7_149_149.wav	0
Chapter7_150_150.wav	0
Chapter7_151_151.wav	1
Chapter7_152_152.wav	0
Chapter7_153_153.wav	0
Chapter7_154_154.wav	0
Chapter7_155_155.wav	0
Chapter7_156_156.wav	0
Chapter7_157_157.wav	0
Chapter7_158_158.wav	0
Chapter7_159_159.wav	0
Chapter7_160_160.wav	0
Chapter7_161_161.wav	1
Chapter7_162_162.wav	0
Chapter7_163_163.wav	0
Chapter7_164_164.wav	0
Chapter7_165_165.wav	1
Chapter7_166_166.wav	0
Chapter7_167_167.wav	0
Chapter7_168_168.wav	0
Chapter7_169_169.wav	0
Chapter7_170_170.wav	1
Chapter7_171_171.wav	1
Chapter7_172_172.wav	0
Chapter7_173_173.wav	0
Chapter7_174_174.wav	1
Chapter7_175_175.wav	0
Chapter7_176_176.wav	0
Chapter7_177_177.wav	0
Chapter7_178_178.wav	0
Chapter7_179_179.wav	0
Chapter7_180_180.wav	0
Chapter7_181_181.wav	0
Chapter7_182_182.wav	0
Chapter7_183_183.wav	0
Chapter7_184_184.wav	0
Chapter7_185_185.wav	0
Chapter7_186_186.wav	0
Chapter7_187_187.wav	0
Chapter7_188_188.wav	1
Chapter7_189_189.wav	1
Chapter7_190_190.wav	1
Chapter7_191_191.wav	1
Chapter7_192_192.wav	0
Chapter7_193_193.wav	1
Chapter7_194_194.wav	1
Chapter7_195_195.wav	1
Chapter7_196_196.wav	0
Chapter7_197_197.wav	1
Chapter7_198_198.wav	0
Chapter7_199_199.wav	0
Chapter7_200_200.wav	0
Chapter7_201_201.wav	0
Chapter7_202_202.wav	0
Chapter7_203_203.wav	0
Chapter7_204_204.wav	0
Chapter7_205_205.wav	1
Chapter7_206_206.wav	1
Chapter7_207_207.wav	1
Chapter7_208_208.wav	1
Chapter7_209_209.wav	0
Chapter7_210_210.wav	0
Chapter7_211_211.wav	0
Chapter7_212_212.wav	0
Chapter7_213_213.wav	1
Chapter7_214_214.wav	1
Chapter7_215_215.wav	0
Chapter7_216_216.wav	0
Chapter7_217_217.wav	1
Chapter7_218_218.wav	1
Chapter7_219_219.wav	1
Chapter7_220_220.wav	0
Chapter7_221_221.wav	0
Chapter7_222_222.wav	1
Chapter7_223_223.wav	0
Chapter7_224_224.wav	0
Chapter7_225_225.wav	0
Chapter7_226_226.wav	0
Chapter7_227_227.wav	0
Chapter7_228_228.wav	0
Chapter7_229_229.wav	0
Chapter7_230_230.wav	1
Chapter7_231_231.wav	1
Chapter8_1_1.wav	0
Chapter8_2_2.wav	1
Chapter8_3_3.wav	0
Chapter8_4_4.wav	0
Chapter8_5_5.wav	0
Chapter8_6_6.wav	1
Chapter8_7_7.wav	0
Chapter8_8_8.wav	1
Chapter8_9_9.wav	0
Chapter8_10_10.wav	0
Chapter8_11_11.wav	1
Chapter8_12_12.wav	1
Chapter8_13_13.wav	1
Chapter8_14_14.wav	0
Chapter8_15_15.wav	0
Chapter8_16_16.wav	0
Chapter8_17_17.wav	1
Chapter8_18_18.wav	1
Chapter8_19_19.wav	0
Chapter8_20_20.wav	0
Chapter8_21_21.wav	0
Chapter8_22_22.wav	1
Chapter8_23_23.wav	0
Chapter8_24_24.wav	0
Chapter8_25_25.wav	1
Chapter8_26_26.wav	0
Chapter8_27_27.wav	0
Chapter8_28_28.wav	0
Chapter8_29_29.wav	0
Chapter8_30_30.wav	0
Chapter8_31_31.wav	0
Chapter8_32_32.wav	1
Chapter8_33_33.wav	0
Chapter8_34_34.wav	0
Chapter8_35_35.wav	0
Chapter8_36_36.wav	1
Chapter8_37_37.wav	1
Chapter8_38_38.wav	1
Chapter8_39_39.wav	1
Chapter8_40_40.wav	0
Chapter8_41_41.wav	1
Chapter8_42_42.wav	1
Chapter8_43_43.wav	0
Chapter8_44_44.wav	0
Chapter8_45_45.wav	0
Chapter8_46_46.wav	0
Chapter8_47_47.wav	0
Chapter8_48_48.wav	0
Chapter8_49_49.wav	0
Chapter8_50_50.wav	0
Chapter8_51_51.wav	0
Chapter8_52_52.wav	0
Chapter8_53_53.wav	1
Chapter8_54_54.wav	0
Chapter8_55_55.wav	0
Chapter8_56_56.wav	1
Chapter8_57_57.wav	0
Chapter8_58_58.wav	0
Chapter8_59_59.wav	0
Chapter8_60_60.wav	0
Chapter8_61_61.wav	1
Chapter8_62_62.wav	0
Chapter8_63_63.wav	1
Chapter8_64_64.wav	1
Chapter8_65_65.wav	1
Chapter8_66_66.wav	1
Chapter8_67_67.wav	1
Chapter8_68_68.wav	0
Chapter8_69_69.wav	0
Chapter8_70_70.wav	0
Chapter8_71_71.wav	0
Chapter8_72_72.wav	1
Chapter8_73_73.wav	1
Chapter8_74_74.wav	1
Chapter8_75_75.wav	0
Chapter8_76_76.wav	0
Chapter8_77_77.wav	1
Chapter8_78_78.wav	0
Chapter8_79_79.wav	0
Chapter8_80_80.wav	1
Chapter8_81_81.wav	0
Chapter8_82_82.wav	1
Chapter8_83_83.wav	0
Chapter8_84_84.wav	0
Chapter8_85_85.wav	0
Chapter8_86_86.wav	0
Chapter8_87_87.wav	0
Chapter8_88_88.wav	0
Chapter8_89_89.wav	0
Chapter8_90_90.wav	0
Chapter8_91_91.wav	0
Chapter8_92_92.wav	0
Chapter8_93_93.wav	0
Chapter8_94_94.wav	1
Chapter8_95_95.wav	0
Chapter8_96_96.wav	0
Chapter8_97_97.wav	0
Chapter8_98_98.wav	0
Chapter8_99_99.wav	0
Chapter8_100_100.wav	1
Chapter8_101_101.wav	0
Chapter8_102_102.wav	0
Chapter8_103_103.wav	0
Chapter8_104_104.wav	0
Chapter8_105_105.wav	0
Chapter8_106_106.wav	0
Chapter8_107_107.wav	0
Chapter8_108_108.wav	0
Chapter8_109_109.wav	0
Chapter8_110_110.wav	0
Chapter8_111_111.wav	1
Chapter8_112_112.wav	0
Chapter8_113_113.wav	0
Chapter8_114_114.wav	0
Chapter8_115_115.wav	0
Chapter8_116_116.wav	1
Chapter8_117_117.wav	0
Chapter8_118_118.wav	0
Chapter8_119_119.wav	0
Chapter8_120_120.wav	0
Chapter8_121_121.wav	0
Chapter8_122_122.wav	0
Chapter8_123_123.wav	0
Chapter8_124_124.wav	0
Chapter8_125_125.wav	0
Chapter8_126_126.wav	0
Chapter8_127_127.wav	0
Chapter8_128_128.wav	0
Chapter8_129_129.wav	0
Chapter8_130_130.wav	0
Chapter8_131_131.wav	0
Chapter8_132_132.wav	0
Chapter8_133_133.wav	0
Chapter8_134_134.wav	0
Chapter8_135_135.wav	0
Chapter8_136_136.wav	1
Chapter8_137_137.wav	1
Chapter8_138_138.wav	0
Chapter8_139_139.wav	0
Chapter8_140_140.wav	0
Chapter8_141_141.wav	0
Chapter8_142_142.wav	0
Chapter8_143_143.wav	0
Chapter8_144_144.wav	0
Chapter8_145_145.wav	0
Chapter8_146_146.wav	0
Chapter8_147_147.wav	0
Chapter8_148_148.wav	1
Chapter8_149_149.wav	0
Chapter8_150_150.wav	1
Chapter8_151_151.wav	1
Chapter8_152_152.wav	0
Chapter8_153_153.wav	0
Chapter8_154_154.wav	0
Chapter8_155_155.wav	1
Chapter8_156_156.wav	0
Chapter8_157_157.wav	0
Chapter8_158_158.wav	0
Chapter8_159_159.wav	0
Chapter8_160_160.wav	1
Chapter8_161_161.wav	1
Chapter8_162_162.wav	0
Chapter8_163_163.wav	0
Chapter8_164_164.wav	0
Chapter8_165_165.wav	0
Chapter8_166_166.wav	0
Chapter8_167_167.wav	1
Chapter8_168_168.wav	1
Chapter8_169_169.wav	1
Chapter8_170_170.wav	1
Chapter8_171_171.wav	0
Chapter8_172_172.wav	1
Chapter8_173_173.wav	1
Chapter8_174_174.wav	0
Chapter8_175_175.wav	1
Chapter8_176_176.wav	0
Chapter8_177_177.wav	0
Chapter8_178_178.wav	0
Chapter8_179_179.wav	0
Chapter8_180_180.wav	0
Chapter8_181_181.wav	0
Chapter8_182_182.wav	1
Chapter8_183_183.wav	0
Chapter8_184_184.wav	0
Chapter8_185_185.wav	0
Chapter8_186_186.wav	0
Chapter8_187_187.wav	0
Chapter8_188_188.wav	0
Chapter8_189_189.wav	1
Chapter8_190_190.wav	1
Chapter8_191_191.wav	1
Chapter8_192_192.wav	1
Chapter8_193_193.wav	1
Chapter8_194_194.wav	1
Chapter8_195_195.wav	0
Chapter8_196_196.wav	0
Chapter8_197_197.wav	1
Chapter8_198_198.wav	1
Chapter8_199_199.wav	0
Chapter8_200_200.wav	0
Chapter8_201_201.wav	1
Chapter8_202_202.wav	0
Chapter8_203_203.wav	0
Chapter8_204_204.wav	1
Chapter8_205_205.wav	1
Chapter8_206_206.wav	0
Chapter8_207_207.wav	0
Chapter8_208_208.wav	0
Chapter8_209_209.wav	0
Chapter8_210_210.wav	0
Chapter8_211_211.wav	0
Chapter8_212_212.wav	1
Chapter8_213_213.wav	1
Chapter8_214_214.wav	0
Chapter8_215_215.wav	1
Chapter8_216_216.wav	0
Chapter8_217_217.wav	1
Chapter8_218_218.wav	0
Chapter8_219_219.wav	0
Chapter8_220_220.wav	0
Chapter8_221_221.wav	1
Chapter8_222_222.wav	1
Chapter8_223_223.wav	1
Chapter8_224_224.wav	0
Chapter8_225_225.wav	1
Chapter8_226_226.wav	1
Chapter8_227_227.wav	1
Chapter9_1_1.wav	1
Chapter9_2_2.wav	0
Chapter9_3_3.wav	0
Chapter9_4_4.wav	0
Chapter9_5_5.wav	0
Chapter9_6_6.wav	0
Chapter9_7_7.wav	1
Chapter9_8_8.wav	0
Chapter9_9_9.wav	1
Chapter9_10_10.wav	1
Chapter9_11_11.wav	1
Chapter9_12_12.wav	1
Chapter9_13_13.wav	0
Chapter9_14_14.wav	0
Chapter9_15_15.wav	0
Chapter9_16_16.wav	0
Chapter9_17_17.wav	0
Chapter9_18_18.wav	0
Chapter9_19_19.wav	1
Chapter9_20_20.wav	1
Chapter9_21_21.wav	0
Chapter9_22_22.wav	0
Chapter9_23_23.wav	0
Chapter9_24_24.wav	0
Chapter9_25_25.wav	1
Chapter9_26_26.wav	0
Chapter9_27_27.wav	0
Chapter9_28_28.wav	0
Chapter9_29_29.wav	0
Chapter9_30_30.wav	0
Chapter9_31_31.wav	0
Chapter9_32_32.wav	0
Chapter9_33_33.wav	0
Chapter9_34_34.wav	0
Chapter9_35_35.wav	1
Chapter9_36_36.wav	1
Chapter9_37_37.wav	0
Chapter9_38_38.wav	1
Chapter9_39_39.wav	1
Chapter9_40_40.wav	1
Chapter9_41_41.wav	0
Chapter9_42_42.wav	0
Chapter9_43_43.wav	0
Chapter9_44_44.wav	0
Chapter9_45_45.wav	0
Chapter9_46_46.wav	0
Chapter9_47_47.wav	0
Chapter9_48_48.wav	1
Chapter9_49_49.wav	1
Chapter9_50_50.wav	1
Chapter9_51_51.wav	0
Chapter9_52_52.wav	0
Chapter9_53_53.wav	1
Chapter9_54_54.wav	1
Chapter9_55_55.wav	1
Chapter9_56_56.wav	0
Chapter9_57_57.wav	1
Chapter9_58_58.wav	0
Chapter9_59_59.wav	0
Chapter9_60_60.wav	1
Chapter9_61_61.wav	1
Chapter9_62_62.wav	0
Chapter9_63_63.wav	0
Chapter9_64_64.wav	1
Chapter9_65_65.wav	1
Chapter9_66_66.wav	0
Chapter9_67_67.wav	1
Chapter9_68_68.wav	0
Chapter9_69_69.wav	1
Chapter9_70_70.wav	1
Chapter9_71_71.wav	0
Chapter9_72_72.wav	1
Chapter9_73_73.wav	1
Chapter9_74_74.wav	0
Chapter9_75_75.wav	1
Chapter9_76_76.wav	1
Chapter9_77_77.wav	1
Chapter9_78_78.wav	0
Chapter9_79_79.wav	0
Chapter9_80_80.wav	1
Chapter9_81_81.wav	0
Chapter9_82_82.wav	0
Chapter9_83_83.wav	1
Chapter9_84_84.wav	1
Chapter9_85_85.wav	1
Chapter9_86_86.wav	0
Chapter9_87_87.wav	0
Chapter9_88_88.wav	1
Chapter9_89_89.wav	0
Chapter9_90_90.wav	0
Chapter9_91_91.wav	0
Chapter9_92_92.wav	0
Chapter9_93_93.wav	1
Chapter9_94_94.wav	0
Chapter9_95_95.wav	1
Chapter9_96_96.wav	0
Chapter9_97_97.wav	1
Chapter9_98_98.wav	0
Chapter9_99_99.wav	0
Chapter9_100_100.wav	1
Chapter9_101_101.wav	0
Chapter9_102_102.wav	0
Chapter9_103_103.wav	1
Chapter9_104_104.wav	1
Chapter9_105_105.wav	0
Chapter9_106_106.wav	1
Chapter9_107_107.wav	0
Chapter9_108_108.wav	0
Chapter9_109_109.wav	0
Chapter9_110_110.wav	0
Chapter9_111_111.wav	1
Chapter9_112_112.wav	0
Chapter9_113_113.wav	0
Chapter9_114_114.wav	1
Chapter9_115_115.wav	0
Chapter9_116_116.wav	0
Chapter9_117_117.wav	1
Chapter9_118_118.wav	1
Chapter9_119_119.wav	0
Chapter9_120_120.wav	1
Chapter9_121_121.wav	1
Chapter9_122_122.wav	0
Chapter9_123_123.wav	0
Chapter9_124_124.wav	1
Chapter9_125_125.wav	0
Chapter9_126_126.wav	0
Chapter9_127_127.wav	0
Chapter9_128_128.wav	0
Chapter9_129_129.wav	0
Chapter9_130_130.wav	0
Chapter9_131_131.wav	1
Chapter9_132_132.wav	0
Chapter9_133_133.wav	0
Chapter9_134_134.wav	0
Chapter9_135_135.wav	1
Chapter9_136_136.wav	1
Chapter9_137_137.wav	0
Chapter9_138_138.wav	1
Chapter9_139_139.wav	0
Chapter9_140_140.wav	1
Chapter9_141_141.wav	0
Chapter9_142_142.wav	0
Chapter9_143_143.wav	0
Chapter9_144_144.wav	1
Chapter9_145_145.wav	0
Chapter9_146_146.wav	1
Chapter9_147_147.wav	1
Chapter9_148_148.wav	0
Chapter9_149_149.wav	0
Chapter9_150_150.wav	0
Chapter9_151_151.wav	0
Chapter9_152_152.wav	0
Chapter9_153_153.wav	0
Chapter9_154_154.wav	1
Chapter9_155_155.wav	0
Chapter9_156_156.wav	0
Chapter9_157_157.wav	0
Chapter9_158_158.wav	0
Chapter9_159_159.wav	0
Chapter9_160_160.wav	1
Chapter9_161_161.wav	1
Chapter9_162_162.wav	0
Chapter9_163_163.wav	0
Chapter9_164_164.wav	0
Chapter9_165_165.wav	0
Chapter9_166_166.wav	0
Chapter9_167_167.wav	1
Chapter9_168_168.wav	0
Chapter9_169_169.wav	0
Chapter9_170_170.wav	0
Chapter9_171_171.wav	0
Chapter9_172_172.wav	0
Chapter9_173_173.wav	1
Chapter9_174_174.wav	1
Chapter9_175_175.wav	1
Chapter9_176_176.wav	1
Chapter9_177_177.wav	0
Chapter9_178_178.wav	0
Chapter9_179_179.wav	0
Chapter9_180_180.wav	0
Chapter9_181_181.wav	0
Chapter9_182_182.wav	0
Chapter9_183_183.wav	1
Chapter9_184_184.wav	1
Chapter9_185_185.wav	0
Chapter9_186_186.wav	1
Chapter9_187_187.wav	0
Chapter9_188_188.wav	0
Chapter9_189_189.wav	0
Chapter9_190_190.wav	0
Chapter9_191_191.wav	0
Chapter9_192_192.wav	0
Chapter9_193_193.wav	1
Chapter9_194_194.wav	0
Chapter9_195_195.wav	1
Chapter9_196_196.wav	0
Chapter9_197_197.wav	1
Chapter9_198_198.wav	1
Chapter9_199_199.wav	0
Chapter9_200_200.wav	0
Chapter9_201_201.wav	1
Chapter9_202_202.wav	1
Chapter9_203_203.wav	0
Chapter9_204_204.wav	0
Chapter9_205_205.wav	1
Chapter9_206_206.wav	0
Chapter9_207_207.wav	1
Chapter9_208_208.wav	1
Chapter9_209_209.wav	1
Chapter9_210_210.wav	0
Chapter9_211_211.wav	0
Chapter9_212_212.wav	0
Chapter9_213_213.wav	0
Chapter9_214_214.wav	0
Chapter9_215_215.wav	0
Chapter9_216_216.wav	0
Chapter9_217_217.wav	0
Chapter9_218_218.wav	0
Chapter9_219_219.wav	0
Chapter9_220_220.wav	0
Chapter9_221_221.wav	0
Chapter9_222_222.wav	1
Chapter9_223_223.wav	1
Chapter10_1_1.wav	0
Chapter10_2_2.wav	1
Chapter10_3_3.wav	0
Chapter10_4_4.wav	0
Chapter10_5_5.wav	0
Chapter10_6_6.wav	1
Chapter10_7_7.wav	0
Chapter10_8_8.wav	0
Chapter10_9_9.wav	0
Chapter10_10_10.wav	1
Chapter10_11_11.wav	1
Chapter10_12_12.wav	1
Chapter10_13_13.wav	0
Chapter10_14_14.wav	0
Chapter10_15_15.wav	0
Chapter10_16_16.wav	0
Chapter10_17_17.wav	0
Chapter10_18_18.wav	0
Chapter10_19_19.wav	1
Chapter10_20_20.wav	0
Chapter10_21_21.wav	1
Chapter10_22_22.wav	1
Chapter10_23_23.wav	0
Chapter10_24_24.wav	0
Chapter10_25_25.wav	1
Chapter10_26_26.wav	0
Chapter10_27_27.wav	1
Chapter10_28_28.wav	0
Chapter10_29_29.wav	0
Chapter10_30_30.wav	0
Chapter10_31_31.wav	0
Chapter10_32_32.wav	1
Chapter10_33_33.wav	0
Chapter10_34_34.wav	1
Chapter10_35_35.wav	0
Chapter10_36_36.wav	1
Chapter10_37_37.wav	0
Chapter10_38_38.wav	1
Chapter10_39_39.wav	1
Chapter10_40_40.wav	1
Chapter10_41_41.wav	1
Chapter10_42_42.wav	1
Chapter10_43_43.wav	0
Chapter10_44_44.wav	0
Chapter10_45_45.wav	1
Chapter10_46_46.wav	0
Chapter10_47_47.wav	1
Chapter10_48_48.wav	0
Chapter10_49_49.wav	0
Chapter10_50_50.wav	0
Chapter10_51_51.wav	1
Chapter10_52_52.wav	0
Chapter10_53_53.wav	0
Chapter10_54_54.wav	0
Chapter10_55_55.wav	0
Chapter10_56_56.wav	0
Chapter10_57_57.wav	1
Chapter10_58_58.wav	0
Chapter10_59_59.wav	0
Chapter10_60_60.wav	0
Chapter10_61_61.wav	0
Chapter10_62_62.wav	0
Chapter10_63_63.wav	0
Chapter10_64_64.wav	0
Chapter10_65_65.wav	0
Chapter10_66_66.wav	0
Chapter10_67_67.wav	0
Chapter10_68_68.wav	0
Chapter10_69_69.wav	1
Chapter10_70_70.wav	0
Chapter10_71_71.wav	0
Chapter10_72_72.wav	1
Chapter10_73_73.wav	0
Chapter10_74_74.wav	0
Chapter10_75_75.wav	0
Chapter10_76_76.wav	0
Chapter10_77_77.wav	1
Chapter10_78_78.wav	1
Chapter10_79_79.wav	1
Chapter10_80_80.wav	0
Chapter10_81_81.wav	0
Chapter10_82_82.wav	0
Chapter10_83_83.wav	1
Chapter10_84_84.wav	0
Chapter10_85_85.wav	1
Chapter10_86_86.wav	1
Chapter10_87_87.wav	0
Chapter10_88_88.wav	1
Chapter10_89_89.wav	0
Chapter10_90_90.wav	1
Chapter10_91_91.wav	0
Chapter10_92_92.wav	1
Chapter10_93_93.wav	0
Chapter10_94_94.wav	0
Chapter10_95_95.wav	0
Chapter10_96_96.wav	0
Chapter10_97_97.wav	1
Chapter10_98_98.wav	1
Chapter10_99_99.wav	0
Chapter10_100_100.wav	1
Chapter10_101_101.wav	0
Chapter10_102_102.wav	1
Chapter10_103_103.wav	1
Chapter10_104_104.wav	1
Chapter10_105_105.wav	1
Chapter10_106_106.wav	1
Chapter10_107_107.wav	1
Chapter10_108_108.wav	0
Chapter10_109_109.wav	0
Chapter10_110_110.wav	0
Chapter10_111_111.wav	1
Chapter10_112_112.wav	0
Chapter10_113_113.wav	0
Chapter10_114_114.wav	1
Chapter10_115_115.wav	0
Chapter10_116_116.wav	0
Chapter10_117_117.wav	0
Chapter10_118_118.wav	0
Chapter10_119_119.wav	0
Chapter10_120_120.wav	1
Chapter10_121_121.wav	1
Chapter10_122_122.wav	0
Chapter10_123_123.wav	1
Chapter10_124_124.wav	1
Chapter10_125_125.wav	0
Chapter10_126_126.wav	0
Chapter10_127_127.wav	0
Chapter10_128_128.wav	0
Chapter10_129_129.wav	1
Chapter10_130_130.wav	1
Chapter10_131_131.wav	1
Chapter10_132_132.wav	1
Chapter10_133_133.wav	0
Chapter10_134_134.wav	1
Chapter10_135_135.wav	0
Chapter10_136_136.wav	0
Chapter10_137_137.wav	0
Chapter10_138_138.wav	1
Chapter10_139_139.wav	1
Chapter10_140_140.wav	1
Chapter10_141_141.wav	1
Chapter10_142_142.wav	1
Chapter10_143_143.wav	0
Chapter10_144_144.wav	1
Chapter10_145_145.wav	0
Chapter10_146_146.wav	1
Chapter10_147_147.wav	0
Chapter10_148_148.wav	1
Chapter10_149_149.wav	0
Chapter10_150_150.wav	1
Chapter10_151_151.wav	1
Chapter10_152_152.wav	1
Chapter10_153_153.wav	0
Chapter10_154_154.wav	1
Chapter10_155_155.wav	1
Chapter10_156_156.wav	1
Chapter10_157_157.wav	0
Chapter10_158_158.wav	0
Chapter10_159_159.wav	1
Chapter10_160_160.wav	0
Chapter10_161_161.wav	0
Chapter10_162_162.wav	0
Chapter10_163_163.wav	1
Chapter10_164_164.wav	1
Chapter10_165_165.wav	0
Chapter10_166_166.wav	1
Chapter10_167_167.wav	0
Chapter10_168_168.wav	1
Chapter10_169_169.wav	0
Chapter10_170_170.wav	0
Chapter10_171_171.wav	0
Chapter10_172_172.wav	0
Chapter10_173_173.wav	0
Chapter10_174_174.wav	1
Chapter10_175_175.wav	0
Chapter10_176_176.wav	0
Chapter10_177_177.wav	0
Chapter10_178_178.wav	1
Chapter10_179_179.wav	1
Chapter10_180_180.wav	0
Chapter10_181_181.wav	0
Chapter10_182_182.wav	1
Chapter10_183_183.wav	0
Chapter10_184_184.wav	0
Chapter10_185_185.wav	0
Chapter10_186_186.wav	0
Chapter10_187_187.wav	0
Chapter10_188_188.wav	0
Chapter10_189_189.wav	1
Chapter10_190_190.wav	1
Chapter10_191_191.wav	0
Chapter10_192_192.wav	0
Chapter10_193_193.wav	0
Chapter10_194_194.wav	0
Chapter10_195_195.wav	0
Chapter10_196_196.wav	0
Chapter10_197_197.wav	1
Chapter10_198_198.wav	0
Chapter10_199_199.wav	0
Chapter10_200_200.wav	1
Chapter10_201_201.wav	0
Chapter10_202_202.wav	0
Chapter10_203_203.wav	0
Chapter10_204_204.wav	0
Chapter10_205_205.wav	0
Chapter10_206_206.wav	0
Chapter10_207_207.wav	1
Chapter10_208_208.wav	1
Chapter10_209_209.wav	1
Chapter10_210_210.wav	0
Chapter10_211_211.wav	0
Chapter10_212_212.wav	0
Chapter10_213_213.wav	0
Chapter10_214_214.wav	0
Chapter10_215_215.wav	1
Chapter10_216_216.wav	1
Chapter10_217_217.wav	0
Chapter10_218_218.wav	1
Chapter10_219_219.wav	1
Chapter10_220_220.wav	0
Chapter10_221_221.wav	0
Chapter10_222_222.wav	1
Chapter10_223_223.wav	1
Chapter10_224_224.wav	0
Chapter10_225_225.wav	1
Chapter10_226_226.wav	0
Chapter10_227_227.wav	0
Chapter10_228_228.wav	0
Chapter10_229_229.wav	0
Chapter10_230_230.wav	1
Chapter10_231_231.wav	0
Chapter10_232_232.wav	1
Chapter10_233_233.wav	1
Chapter10_234_234.wav	1
Chapter11_1_1.wav	1
Chapter11_2_2.wav	1
Chapter11_3_3.wav	1
Chapter11_4_4.wav	0
Chapter11_5_5.wav	0
Chapter11_6_6.wav	1
Chapter11_7_7.wav	1
Chapter11_8_8.wav	1
Chapter11_9_9.wav	1
Chapter11_10_10.wav	1
Chapter11_11_11.wav	1
Chapter11_12_12.wav	1
Chapter11_13_13.wav	0
Chapter11_14_14.wav	0
Chapter11_15_15.wav	0
Chapter11_16_16.wav	0
Chapter11_17_17.wav	0
Chapter11_18_18.wav	0
Chapter11_19_19.wav	0
Chapter11_20_20.wav	0
Chapter11_21_21.wav	0
Chapter11_22_22.wav	1
Chapter11_23_23.wav	0
Chapter11_24_24.wav	0
Chapter11_25_25.wav	1
Chapter11_26_26.wav	1
Chapter11_27_27.wav	0
Chapter11_28_28.wav	0
Chapter11_29_29.wav	0
Chapter11_30_30.wav	0
Chapter11_31_31.wav	1
Chapter11_32_32.wav	0
Chapter11_33_33.wav	0
Chapter11_34_34.wav	0
Chapter11_35_35.wav	0
Chapter11_36_36.wav	1
Chapter11_37_37.wav	1
Chapter11_38_38.wav	0
Chapter11_39_39.wav	1
Chapter11_40_40.wav	1
Chapter11_41_41.wav	0
Chapter11_42_42.wav	1
Chapter11_43_43.wav	1
Chapter11_44_44.wav	1
Chapter11_45_45.wav	1
Chapter11_46_46.wav	1
Chapter11_47_47.wav	0
Chapter11_48_48.wav	1
Chapter11_49_49.wav	0
Chapter11_50_50.wav	0
Chapter11_51_51.wav	0
Chapter11_52_52.wav	0
Chapter11_53_53.wav	1
Chapter11_54_54.wav	0
Chapter11_55_55.wav	1
Chapter11_56_56.wav	0
Chapter11_57_57.wav	0
Chapter11_58_58.wav	1
Chapter11_59_59.wav	1
Chapter11_60_60.wav	1
Chapter11_61_61.wav	1
Chapter11_62_62.wav	1
Chapter11_63_63.wav	0
Chapter11_64_64.wav	0
Chapter11_65_65.wav	0
Chapter11_66_66.wav	1
Chapter11_67_67.wav	0
Chapter11_68_68.wav	0
Chapter11_69_69.wav	1
Chapter11_70_70.wav	0
Chapter11_71_71.wav	0
Chapter11_72_72.wav	1
Chapter11_73_73.wav	0
Chapter11_74_74.wav	1
Chapter11_75_75.wav	1
Chapter11_76_76.wav	0
Chapter11_77_77.wav	1
Chapter11_78_78.wav	0
Chapter11_79_79.wav	1
Chapter11_80_80.wav	1
Chapter11_81_81.wav	0
Chapter11_82_82.wav	1
Chapter11_83_83.wav	0
Chapter11_84_84.wav	0
Chapter11_85_85.wav	0
Chapter11_86_86.wav	0
Chapter11_87_87.wav	0
Chapter11_88_88.wav	0
Chapter11_89_89.wav	0
Chapter11_90_90.wav	0
Chapter11_91_91.wav	0
Chapter11_92_92.wav	1
Chapter11_93_93.wav	1
Chapter11_94_94.wav	1
Chapter11_95_95.wav	1
Chapter11_96_96.wav	1
Chapter11_97_97.wav	0
Chapter11_98_98.wav	0
Chapter11_99_99.wav	1
Chapter11_100_100.wav	1
Chapter11_101_101.wav	1
Chapter11_102_102.wav	0
Chapter11_103_103.wav	0
Chapter11_104_104.wav	1
Chapter11_105_105.wav	0
Chapter11_106_106.wav	1
Chapter11_107_107.wav	0
Chapter11_108_108.wav	0
Chapter11_109_109.wav	0
Chapter11_110_110.wav	0
Chapter11_111_111.wav	0
Chapter11_112_112.wav	0
Chapter11_113_113.wav	0
Chapter11_114_114.wav	1
Chapter11_115_115.wav	0
Chapter11_116_116.wav	0
Chapter11_117_117.wav	0
Chapter11_118_118.wav	1
Chapter11_119_119.wav	0
Chapter11_120_120.wav	1
Chapter11_121_121.wav	1
Chapter11_122_122.wav	0
Chapter11_123_123.wav	1
Chapter11_124_124.wav	0
Chapter11_125_125.wav	1
Chapter11_126_126.wav	1
Chapter11_127_127.wav	1
Chapter11_128_128.wav	0
Chapter11_129_129.wav	0
Chapter11_130_130.wav	1
Chapter11_131_131.wav	0
Chapter11_132_132.wav	1
Chapter11_133_133.wav	0
Chapter11_134_134.wav	0
Chapter11_135_135.wav	0
Chapter11_136_136.wav	0
Chapter11_137_137.wav	0
Chapter11_138_138.wav	0
Chapter11_139_139.wav	0
Chapter11_140_140.wav	0
Chapter11_141_141.wav	0
Chapter11_142_142.wav	1
Chapter11_143_143.wav	1
Chapter11_144_144.wav	0
Chapter11_145_145.wav	1
Chapter11_146_146.wav	1
Chapter11_147_147.wav	0
Chapter11_148_148.wav	1
Chapter11_149_149.wav	0
Chapter11_150_150.wav	0
Chapter11_151_151.wav	1
Chapter11_152_152.wav	0
Chapter11_153_153.wav	0
Chapter11_154_154.wav	1
Chapter11_155_155.wav	0
Chapter11_156_156.wav	0
Chapter11_157_157.wav	1
Chapter11_158_158.wav	1
Chapter11_159_159.wav	1
Chapter11_160_160.wav	0
Chapter11_161_161.wav	1
Chapter11_162_162.wav	1
Chapter11_163_163.wav	1
Chapter11_164_164.wav	0
Chapter11_165_165.wav	0
Chapter11_166_166.wav	1
Chapter11_167_167.wav	0
Chapter11_168_168.wav	1
Chapter11_169_169.wav	0
Chapter11_170_170.wav	0
Chapter11_171_171.wav	0
Chapter11_172_172.wav	0
Chapter11_173_173.wav	0
Chapter11_174_174.wav	0
Chapter11_175_175.wav	0
Chapter11_176_176.wav	0
Chapter11_177_177.wav	1
Chapter11_178_178.wav	1
Chapter11_179_179.wav	0
Chapter11_180_180.wav	1
Chapter11_181_181.wav	1
Chapter11_182_182.wav	0
Chapter11_183_183.wav	1
Chapter11_184_184.wav	0
Chapter11_185_185.wav	0
Chapter11_186_186.wav	1
Chapter11_187_187.wav	1
Chapter11_188_188.wav	1
Chapter11_189_189.wav	0
Chapter11_190_190.wav	1
Chapter11_191_191.wav	0
Chapter11_192_192.wav	0
Chapter11_193_193.wav	1
Chapter11_194_194.wav	1
Chapter11_195_195.wav	0
Chapter11_196_196.wav	1
Chapter11_197_197.wav	1
Chapter11_198_198.wav	1
Chapter11_199_199.wav	0
Chapter11_200_200.wav	1
Chapter11_201_201.wav	1
Chapter11_202_202.wav	1
Chapter11_203_203.wav	0
Chapter11_204_204.wav	0
Chapter11_205_205.wav	0
Chapter11_206_206.wav	1
Chapter11_207_207.wav	1
Chapter11_208_208.wav	0
Chapter11_209_209.wav	1
Chapter11_210_210.wav	0
Chapter11_211_211.wav	1
Chapter11_212_212.wav	1
Chapter12_1_1.wav	1
Chapter12_2_2.wav	1
Chapter12_3_3.wav	1
Chapter12_4_4.wav	0
Chapter12_5_5.wav	1
Chapter12_6_6.wav	0
Chapter12_7_7.wav	0
Chapter12_8_8.wav	0
Chapter12_9_9.wav	1
Chapter12_10_10.wav	0
Chapter12_11_11.wav	0
Chapter12_12_12.wav	0
Chapter12_13_13.wav	1
Chapter12_14_14.wav	1
Chapter12_15_15.wav	1
Chapter12_16_16.wav	1
Chapter12_17_17.wav	1
Chapter12_18_18.wav	1
Chapter12_19_19.wav	1
Chapter12_20_20.wav	1
Chapter12_21_21.wav	1
Chapter12_22_22.wav	1
Chapter12_23_23.wav	1
Chapter12_24_24.wav	1
Chapter12_25_25.wav	0
Chapter12_26_26.wav	1
Chapter12_27_27.wav	0
Chapter12_28_28.wav	1
Chapter12_29_29.wav	1
Chapter12_30_30.wav	1
Chapter12_31_31.wav	1
Chapter12_32_32.wav	1
Chapter12_33_33.wav	0
Chapter12_34_34.wav	0
Chapter12_35_35.wav	1
Chapter12_36_36.wav	1
Chapter12_37_37.wav	1
Chapter12_38_38.wav	0
Chapter12_39_39.wav	1
Chapter12_40_40.wav	1
Chapter12_41_41.wav	0
Chapter12_42_42.wav	0
Chapter12_43_43.wav	0
Chapter12_44_44.wav	0
Chapter12_45_45.wav	1
Chapter12_46_46.wav	1
Chapter12_47_47.wav	1
Chapter12_48_48.wav	0
Chapter12_49_49.wav	0
Chapter12_50_50.wav	1
Chapter12_51_51.wav	0
Chapter12_52_52.wav	1
Chapter12_53_53.wav	1
Chapter12_54_54.wav	0
Chapter12_55_55.wav	1
Chapter12_56_56.wav	1
Chapter12_57_57.wav	0
Chapter12_58_58.wav	0
Chapter12_59_59.wav	1
Chapter12_60_60.wav	1
Chapter12_61_61.wav	0
Chapter12_62_62.wav	1
Chapter12_63_63.wav	0
Chapter12_64_64.wav	0
Chapter12_65_65.wav	1
Chapter12_66_66.wav	1
Chapter12_67_67.wav	1
Chapter12_68_68.wav	1
Chapter12_69_69.wav	0
Chapter12_70_70.wav	0
Chapter12_71_71.wav	1
Chapter12_72_72.wav	0
Chapter12_73_73.wav	1
Chapter12_74_74.wav	1
Chapter12_75_75.wav	0
Chapter12_76_76.wav	1
Chapter12_77_77.wav	1
Chapter12_78_78.wav	0
Chapter12_79_79.wav	0
Chapter12_80_80.wav	1
Chapter12_81_81.wav	0
Chapter12_82_82.wav	0
Chapter12_83_83.wav	0
Chapter12_84_84.wav	1
Chapter12_85_85.wav	1
Chapter12_86_86.wav	1
Chapter12_87_87.wav	1
Chapter12_88_88.wav	1
Chapter12_89_89.wav	0
Chapter12_90_90.wav	1
Chapter12_91_91.wav	1
Chapter12_92_92.wav	0
Chapter12_93_93.wav	0
Chapter12_94_94.wav	0
Chapter12_95_95.wav	1
Chapter12_96_96.wav	0
Chapter12_97_97.wav	1
Chapter12_98_98.wav	1
Chapter12_99_99.wav	0
Chapter12_100_100.wav	0
Chapter12_101_101.wav	0
Chapter12_102_102.wav	1
Chapter12_103_103.wav	1
Chapter12_104_104.wav	1
Chapter12_105_105.wav	0
Chapter12_106_106.wav	1
Chapter12_107_107.wav	1
Chapter12_108_108.wav	1
Chapter12_109_109.wav	1
Chapter12_110_110.wav	1
Chapter12_111_111.wav	1
Chapter12_112_112.wav	0
Chapter12_113_113.wav	1
Chapter12_114_114.wav	0
Chapter12_115_115.wav	1
Chapter12_116_116.wav	0
Chapter12_117_117.wav	1
Chapter12_118_118.wav	0
Chapter12_119_119.wav	1
Chapter12_120_120.wav	1
Chapter12_121_121.wav	1
Chapter12_122_122.wav	1
Chapter12_123_123.wav	1
Chapter12_124_124.wav	1
Chapter12_125_125.wav	1
Chapter12_126_126.wav	1
Chapter12_127_127.wav	0
Chapter12_128_128.wav	1
Chapter12_129_129.wav	0
Chapter12_130_130.wav	0
Chapter12_131_131.wav	1
Chapter12_132_132.wav	1
Chapter12_133_133.wav	0
Chapter12_134_134.wav	0
Chapter12_135_135.wav	1
Chapter12_136_136.wav	1
Chapter12_137_137.wav	0
Chapter12_138_138.wav	1
Chapter12_139_139.wav	1
Chapter12_140_140.wav	1
Chapter12_141_141.wav	0
Chapter12_142_142.wav	0
Chapter12_143_143.wav	0
Chapter12_144_144.wav	1
Chapter12_145_145.wav	0
Chapter12_146_146.wav	0
Chapter12_147_147.wav	1
Chapter12_148_148.wav	1
Chapter12_149_149.wav	1
Chapter12_150_150.wav	1
Chapter12_151_151.wav	0
Chapter12_152_152.wav	1
Chapter12_153_153.wav	1
Chapter12_154_154.wav	1
Chapter12_155_155.wav	1
Chapter12_156_156.wav	0
Chapter12_157_157.wav	0
Chapter12_158_158.wav	0
Chapter12_159_159.wav	0
Chapter12_160_160.wav	1
Chapter12_161_161.wav	1
Chapter12_162_162.wav	0
Chapter12_163_163.wav	1
Chapter12_164_164.wav	0
Chapter12_165_165.wav	0
Chapter12_166_166.wav	0
Chapter12_167_167.wav	1
Chapter12_168_168.wav	1
Chapter12_169_169.wav	0
Chapter12_170_170.wav	1
Chapter12_171_171.wav	0
Chapter12_172_172.wav	0
Chapter12_173_173.wav	0
Chapter12_174_174.wav	0
Chapter12_175_175.wav	0
Chapter12_176_176.wav	1
Chapter12_177_177.wav	0
Chapter12_178_178.wav	0
Chapter12_179_179.wav	1
Chapter12_180_180.wav	0
Chapter12_181_181.wav	1
Chapter12_182_182.wav	0
Chapter12_183_183.wav	0
Chapter12_184_184.wav	0
Chapter12_185_185.wav	1
Chapter12_186_186.wav	0
Chapter12_187_187.wav	0
Chapter12_188_188.wav	0
Chapter12_189_189.wav	0
Chapter12_190_190.wav	1
Chapter12_191_191.wav	1
Chapter13_1_1.wav	1
Chapter13_2_2.wav	0
Chapter13_3_3.wav	0
Chapter13_4_4.wav	0
Chapter13_5_5.wav	1
Chapter13_6_6.wav	0
Chapter13_7_7.wav	1
Chapter13_8_8.wav	1
Chapter13_9_9.wav	1
Chapter13_10_10.wav	1
Chapter13_11_11.wav	1
Chapter13_12_12.wav	1
Chapter13_13_13.wav	1
Chapter13_14_14.wav	0
Chapter13_15_15.wav	1
Chapter13_16_16.wav	0
Chapter13_17_17.wav	1
Chapter13_18_18.wav	1
Chapter13_19_19.wav	1
Chapter13_20_20.wav	0
Chapter13_21_21.wav	1
Chapter13_22_22.wav	0
Chapter13_23_23.wav	0
Chapter13_24_24.wav	0
Chapter13_25_25.wav	0
Chapter13_26_26.wav	1
Chapter13_27_27.wav	1
Chapter13_28_28.wav	1
Chapter13_29_29.wav	0
Chapter13_30_30.wav	1
Chapter13_31_31.wav	0
Chapter13_32_32.wav	1
Chapter13_33_33.wav	1
Chapter13_34_34.wav	0
Chapter13_35_35.wav	0
Chapter13_36_36.wav	0
Chapter13_37_37.wav	0
Chapter13_38_38.wav	0
Chapter13_39_39.wav	0
Chapter13_40_40.wav	1
Chapter13_41_41.wav	1
Chapter13_42_42.wav	0
Chapter13_43_43.wav	1
Chapter13_44_44.wav	1
Chapter13_45_45.wav	0
Chapter13_46_46.wav	1
Chapter13_47_47.wav	1
Chapter13_48_48.wav	0
Chapter13_49_49.wav	1
Chapter13_50_50.wav	1
Chapter13_51_51.wav	1
Chapter13_52_52.wav	1
Chapter13_53_53.wav	0
Chapter13_54_54.wav	0
Chapter13_55_55.wav	1
Chapter13_56_56.wav	1
Chapter13_57_57.wav	0
Chapter13_58_58.wav	1
Chapter13_59_59.wav	0
Chapter13_60_60.wav	0
Chapter13_61_61.wav	1
Chapter13_62_62.wav	1
Chapter13_63_63.wav	0
Chapter13_64_64.wav	1
Chapter13_65_65.wav	1
Chapter13_66_66.wav	1
Chapter13_67_67.wav	1
Chapter13_68_68.wav	1
Chapter13_69_69.wav	1
Chapter13_70_70.wav	1
Chapter13_71_71.wav	1
Chapter13_72_72.wav	1
Chapter13_73_73.wav	0
Chapter13_74_74.wav	0
Chapter13_75_75.wav	1
Chapter13_76_76.wav	0
Chapter13_77_77.wav	0
Chapter13_78_78.wav	0
Chapter13_79_79.wav	0
Chapter13_80_80.wav	0
Chapter13_81_81.wav	1
Chapter13_82_82.wav	1
Chapter13_83_83.wav	1
Chapter13_84_84.wav	1
Chapter13_85_85.wav	0
Chapter13_86_86.wav	0
Chapter13_87_87.wav	0
Chapter13_88_88.wav	0
Chapter13_89_89.wav	0
Chapter13_90_90.wav	1
Chapter13_91_91.wav	1
Chapter13_92_92.wav	1
Chapter13_93_93.wav	0
Chapter13_94_94.wav	0
Chapter13_95_95.wav	0
Chapter13_96_96.wav	0
Chapter13_97_97.wav	0
Chapter13_98_98.wav	0
Chapter13_99_99.wav	0
Chapter13_100_100.wav	0
Chapter13_101_101.wav	0
Chapter13_102_102.wav	0
Chapter13_103_103.wav	0
Chapter13_104_104.wav	0
Chapter13_105_105.wav	1
Chapter13_106_106.wav	1
Chapter13_107_107.wav	0
Chapter13_108_108.wav	1
Chapter13_109_109.wav	0
Chapter13_110_110.wav	0
Chapter13_111_111.wav	0
Chapter13_112_112.wav	1
Chapter13_113_113.wav	0
Chapter13_114_114.wav	1
Chapter13_115_115.wav	0
Chapter13_116_116.wav	1
Chapter13_117_117.wav	0
Chapter13_118_118.wav	0
Chapter13_119_119.wav	0
Chapter13_120_120.wav	1
Chapter13_121_121.wav	0
Chapter13_122_122.wav	0
Chapter13_123_123.wav	1
Chapter13_124_124.wav	1
Chapter13_125_125.wav	1
Chapter13_126_126.wav	1
Chapter13_127_127.wav	1
Chapter13_128_128.wav	1
Chapter13_129_129.wav	1
Chapter13_130_130.wav	0
Chapter13_131_131.wav	1
Chapter13_132_132.wav	1
Chapter13_133_133.wav	1
Chapter13_134_134.wav	1
Chapter13_135_135.wav	1
Chapter13_136_136.wav	0
Chapter13_137_137.wav	1
Chapter13_138_138.wav	1
Chapter13_139_139.wav	1
Chapter13_140_140.wav	0
Chapter13_141_141.wav	1
Chapter13_142_142.wav	0
Chapter13_143_143.wav	1
Chapter13_144_144.wav	0
Chapter13_145_145.wav	0
Chapter13_146_146.wav	1
Chapter13_147_147.wav	1
Chapter13_148_148.wav	1
Chapter13_149_149.wav	0
Chapter13_150_150.wav	0
Chapter13_151_151.wav	1
Chapter13_152_152.wav	1
Chapter13_153_153.wav	0
Chapter13_154_154.wav	1
Chapter13_155_155.wav	1
Chapter13_156_156.wav	0
Chapter13_157_157.wav	0
Chapter13_158_158.wav	0
Chapter13_159_159.wav	1
Chapter13_160_160.wav	0
Chapter13_161_161.wav	1
Chapter13_162_162.wav	0
Chapter13_163_163.wav	1
Chapter13_164_164.wav	0
Chapter13_165_165.wav	1
Chapter13_166_166.wav	1
Chapter13_167_167.wav	0
Chapter13_168_168.wav	0
Chapter13_169_169.wav	1
Chapter13_170_170.wav	1
Chapter13_171_171.wav	0
Chapter13_172_172.wav	1
Chapter13_173_173.wav	0
Chapter13_174_174.wav	0
Chapter13_175_175.wav	0
Chapter13_176_176.wav	1
Chapter13_177_177.wav	1
Chapter14_1_1.wav	1
Chapter14_2_2.wav	1
Chapter14_3_3.wav	1
Chapter14_4_4.wav	1
Chapter14_5_5.wav	1
Chapter14_6_6.wav	1
Chapter14_7_7.wav	1
Chapter14_8_8.wav	1
Chapter14_9_9.wav	1
Chapter14_10_10.wav	0
Chapter14_11_11.wav	0
Chapter14_12_12.wav	0
Chapter14_13_13.wav	0
Chapter14_14_14.wav	0
Chapter14_15_15.wav	1
Chapter14_16_16.wav	0
Chapter14_17_17.wav	1
Chapter14_18_18.wav	0
Chapter14_19_19.wav	1
Chapter14_20_20.wav	1
Chapter14_21_21.wav	0
Chapter14_22_22.wav	0
Chapter14_23_23.wav	0
Chapter14_24_24.wav	0
Chapter14_25_25.wav	1
Chapter14_26_26.wav	0
Chapter14_27_27.wav	1
Chapter14_28_28.wav	0
Chapter14_29_29.wav	0
Chapter14_30_30.wav	0
Chapter14_31_31.wav	0
Chapter14_32_32.wav	1
Chapter14_33_33.wav	0
Chapter14_34_34.wav	1
Chapter14_35_35.wav	0
Chapter14_36_36.wav	1
Chapter14_37_37.wav	0
Chapter14_38_38.wav	0
Chapter14_39_39.wav	0
Chapter14_40_40.wav	0
Chapter14_41_41.wav	0
Chapter14_42_42.wav	0
Chapter14_43_43.wav	0
Chapter14_44_44.wav	1
Chapter14_45_45.wav	0
Chapter14_46_46.wav	1
Chapter14_47_47.wav	0
Chapter14_48_48.wav	0
Chapter14_49_49.wav	0
Chapter14_50_50.wav	1
Chapter14_51_51.wav	1
Chapter14_52_52.wav	1
Chapter14_53_53.wav	0
Chapter14_54_54.wav	0
Chapter14_55_55.wav	1
Chapter14_56_56.wav	0
Chapter14_57_57.wav	0
Chapter14_58_58.wav	1
Chapter14_59_59.wav	1
Chapter14_60_60.wav	1
Chapter14_61_61.wav	0
Chapter14_62_62.wav	0
Chapter14_63_63.wav	1
Chapter14_64_64.wav	0
Chapter14_65_65.wav	1
Chapter14_66_66.wav	0
Chapter14_67_67.wav	0
Chapter14_68_68.wav	0
Chapter14_69_69.wav	0
Chapter14_70_70.wav	1
Chapter14_71_71.wav	1
Chapter14_72_72.wav	0
Chapter14_73_73.wav	1
Chapter14_74_74.wav	1
Chapter14_75_75.wav	1
Chapter14_76_76.wav	0
Chapter14_77_77.wav	1
Chapter14_78_78.wav	0
Chapter14_79_79.wav	1
Chapter14_80_80.wav	1
Chapter14_81_81.wav	0
Chapter14_82_82.wav	1
Chapter14_83_83.wav	0
Chapter14_84_84.wav	0
Chapter14_85_85.wav	0
Chapter14_86_86.wav	0
Chapter14_87_87.wav	1
Chapter14_88_88.wav	0
Chapter14_89_89.wav	0
Chapter14_90_90.wav	0
Chapter14_91_91.wav	1
Chapter14_92_92.wav	1
Chapter14_93_93.wav	0
Chapter14_94_94.wav	0
Chapter14_95_95.wav	0
Chapter14_96_96.wav	1
Chapter14_97_97.wav	1
Chapter14_98_98.wav	0
Chapter14_99_99.wav	0
Chapter14_100_100.wav	1
Chapter14_101_101.wav	0
Chapter14_102_102.wav	0
Chapter14_103_103.wav	1
Chapter14_104_104.wav	1
Chapter14_105_105.wav	1
Chapter14_106_106.wav	0
Chapter14_107_107.wav	1
Chapter14_108_108.wav	0
Chapter14_109_109.wav	1
Chapter14_110_110.wav	0
Chapter14_111_111.wav	1
Chapter14_112_112.wav	0
Chapter14_113_113.wav	1
Chapter14_114_114.wav	0
Chapter14_115_115.wav	1
Chapter14_116_116.wav	0
Chapter14_117_117.wav	0
Chapter14_118_118.wav	1
Chapter14_119_119.wav	0
Chapter14_120_120.wav	1
Chapter14_121_121.wav	1
Chapter14_122_122.wav	1
Chapter14_123_123.wav	1
Chapter14_124_124.wav	1
Chapter14_125_125.wav	1
Chapter14_126_126.wav	1
Chapter14_127_127.wav	1
Chapter14_128_128.wav	1
Chapter14_129_129.wav	1
Chapter14_130_130.wav	0
Chapter14_131_131.wav	1
Chapter14_132_132.wav	1
Chapter14_133_133.wav	0
Chapter14_134_134.wav	1
Chapter14_135_135.wav	0
Chapter14_136_136.wav	1
Chapter14_137_137.wav	1
Chapter14_138_138.wav	1
Chapter14_139_139.wav	1
Chapter14_140_140.wav	1
Chapter14_141_141.wav	0
Chapter14_142_142.wav	1
Chapter14_143_143.wav	0
Chapter14_144_144.wav	0
Chapter14_145_145.wav	1
Chapter14_146_146.wav	0
Chapter14_147_147.wav	1
Chapter14_148_148.wav	0
Chapter14_149_149.wav	1
Chapter14_150_150.wav	0
Chapter14_151_151.wav	1
Chapter14_152_152.wav	0
Chapter14_153_153.wav	1
Chapter14_154_154.wav	1
Chapter14_155_155.wav	1
Chapter14_156_156.wav	0
Chapter14_157_157.wav	1
Chapter14_158_158.wav	1
Chapter14_159_159.wav	1
Chapter14_160_160.wav	1
Chapter14_161_161.wav	0
Chapter14_162_162.wav	1
Chapter14_163_163.wav	1
Chapter14_164_164.wav	1
Chapter14_165_165.wav	1
Chapter14_166_166.wav	1
Chapter14_167_167.wav	0
Chapter14_168_168.wav	1
Chapter14_169_169.wav	0
Chapter14_170_170.wav	0
Chapter14_171_171.wav	0
Chapter14_172_172.wav	1
Chapter14_173_173.wav	1
Chapter14_174_174.wav	0
Chapter14_175_175.wav	1
Chapter14_176_176.wav	0
Chapter14_177_177.wav	1
Chapter14_178_178.wav	0
Chapter14_179_179.wav	1
Chapter14_180_180.wav	0
Chapter14_181_181.wav	1
Chapter14_182_182.wav	0
Chapter14_183_183.wav	1
Chapter14_184_184.wav	1
Chapter14_185_185.wav	1
Chapter14_186_186.wav	1
Chapter14_187_187.wav	1
Chapter14_188_188.wav	1
Chapter14_189_189.wav	1
Chapter14_190_190.wav	1
Chapter14_191_191.wav	0
Chapter14_192_192.wav	1
Chapter14_193_193.wav	0
Chapter14_194_194.wav	1
Chapter14_195_195.wav	0
Chapter14_196_196.wav	0
Chapter14_197_197.wav	1
Chapter14_198_198.wav	1
Chapter14_199_199.wav	0
Chapter14_200_200.wav	1
Chapter14_201_201.wav	0
Chapter14_202_202.wav	0
Chapter14_203_203.wav	1
Chapter14_204_204.wav	1
Chapter14_205_205.wav	0
Chapter14_206_206.wav	1
Chapter14_207_207.wav	0
Chapter14_208_208.wav	1
Chapter14_209_209.wav	1
Chapter14_210_210.wav	1
Chapter15_1_1.wav	1
Chapter15_2_2.wav	1
Chapter15_3_3.wav	1
Chapter15_4_4.wav	1
Chapter15_5_5.wav	0
Chapter15_6_6.wav	1
Chapter15_7_7.wav	1
Chapter15_8_8.wav	1
Chapter15_9_9.wav	0
Chapter15_10_10.wav	1
Chapter15_11_11.wav	1
Chapter15_12_12.wav	1
Chapter15_13_13.wav	0
Chapter15_14_14.wav	0
Chapter15_15_15.wav	1
Chapter15_16_16.wav	1
Chapter15_17_17.wav	0
Chapter15_18_18.wav	1
Chapter15_19_19.wav	0
Chapter15_20_20.wav	1
Chapter15_21_21.wav	1
Chapter15_22_22.wav	1
Chapter15_23_23.wav	1
Chapter15_24_24.wav	0
Chapter15_25_25.wav	1
Chapter15_26_26.wav	0
Chapter15_27_27.wav	1
Chapter15_28_28.wav	0
Chapter15_29_29.wav	0
Chapter15_30_30.wav	0
Chapter15_31_31.wav	0
Chapter15_32_32.wav	0
Chapter15_33_33.wav	1
Chapter15_34_34.wav	0
Chapter15_35_35.wav	1
Chapter15_36_36.wav	0
Chapter15_37_37.wav	1
Chapter15_38_38.wav	1
Chapter15_39_39.wav	1
Chapter15_40_40.wav	1
Chapter15_41_41.wav	0
Chapter15_42_42.wav	1
Chapter15_43_43.wav	1
Chapter15_44_44.wav	1
Chapter15_45_45.wav	1
Chapter15_46_46.wav	0
Chapter15_47_47.wav	0
Chapter15_48_48.wav	1
Chapter15_49_49.wav	1
Chapter15_50_50.wav	0
Chapter15_51_51.wav	1
Chapter15_52_52.wav	1
Chapter15_53_53.wav	0
Chapter15_54_54.wav	1
Chapter15_55_55.wav	1
Chapter15_56_56.wav	1
Chapter15_57_57.wav	0
Chapter15_58_58.wav	0
Chapter15_59_59.wav	0
Chapter15_60_60.wav	0
Chapter15_61_61.wav	0
Chapter15_62_62.wav	0
Chapter15_63_63.wav	0
Chapter15_64_64.wav	0
Chapter15_65_65.wav	0
Chapter15_66_66.wav	0
Chapter15_67_67.wav	0
Chapter15_68_68.wav	1
Chapter15_69_69.wav	1
Chapter15_70_70.wav	1
Chapter15_71_71.wav	0
Chapter15_72_72.wav	1
Chapter15_73_73.wav	0
Chapter15_74_74.wav	1
Chapter15_75_75.wav	0
Chapter15_76_76.wav	0
Chapter15_77_77.wav	1
Chapter15_78_78.wav	0
Chapter15_79_79.wav	0
Chapter15_80_80.wav	0
Chapter15_81_81.wav	0
Chapter15_82_82.wav	1
Chapter15_83_83.wav	0
Chapter15_84_84.wav	0
Chapter15_85_85.wav	0
Chapter15_86_86.wav	0
Chapter15_87_87.wav	0
Chapter15_88_88.wav	0
Chapter15_89_89.wav	1
Chapter15_90_90.wav	0
Chapter15_91_91.wav	0
Chapter15_92_92.wav	0
Chapter15_93_93.wav	1
Chapter15_94_94.wav	1
Chapter15_95_95.wav	0
Chapter15_96_96.wav	1
Chapter15_97_97.wav	0
Chapter15_98_98.wav	0
Chapter15_99_99.wav	1
Chapter15_100_100.wav	0
Chapter15_101_101.wav	0
Chapter15_102_102.wav	0
Chapter15_103_103.wav	0
Chapter15_104_104.wav	1
Chapter15_105_105.wav	1
Chapter15_106_106.wav	1
Chapter15_107_107.wav	1
Chapter15_108_108.wav	0
Chapter15_109_109.wav	0
Chapter15_110_110.wav	0
Chapter15_111_111.wav	1
Chapter15_112_112.wav	1
Chapter15_113_113.wav	1
Chapter15_114_114.wav	1
Chapter15_115_115.wav	0
Chapter15_116_116.wav	0
Chapter15_117_117.wav	1
Chapter15_118_118.wav	1
Chapter15_119_119.wav	0
Chapter15_120_120.wav	0
Chapter15_121_121.wav	0
Chapter15_122_122.wav	1
Chapter15_123_123.wav	1
Chapter15_124_124.wav	0
Chapter15_125_125.wav	0
Chapter15_126_126.wav	1
Chapter15_127_127.wav	0
Chapter15_128_128.wav	1
Chapter15_129_129.wav	0
Chapter15_130_130.wav	1
Chapter15_131_131.wav	0
Chapter15_132_132.wav	1
Chapter15_133_133.wav	1
Chapter15_134_134.wav	1
Chapter15_135_135.wav	1
Chapter15_136_136.wav	0
Chapter15_137_137.wav	0
Chapter15_138_138.wav	0
Chapter15_139_139.wav	1
Chapter15_140_140.wav	1
Chapter15_141_141.wav	1
Chapter15_142_142.wav	0
Chapter15_143_143.wav	0
Chapter15_144_144.wav	0
Chapter15_145_145.wav	0
Chapter15_146_146.wav	0
Chapter15_147_147.wav	0
Chapter15_148_148.wav	0
Chapter15_149_149.wav	0
Chapter15_150_150.wav	0
Chapter15_151_151.wav	0
Chapter15_152_152.wav	1
Chapter15_153_153.wav	0
Chapter15_154_154.wav	0
Chapter15_155_155.wav	1
Chapter15_156_156.wav	1
Chapter15_157_157.wav	0
Chapter15_158_158.wav	1
Chapter15_159_159.wav	0
Chapter15_160_160.wav	1
Chapter15_161_161.wav	1
Chapter15_162_162.wav	0
Chapter15_163_163.wav	1
Chapter15_164_164.wav	1
Chapter15_165_165.wav	0
Chapter15_166_166.wav	0
Chapter15_167_167.wav	1
Chapter15_168_168.wav	0
Chapter15_169_169.wav	0
Chapter15_170_170.wav	1
Chapter15_171_171.wav	0
Chapter15_172_172.wav	1
Chapter15_173_173.wav	1
Chapter15_174_174.wav	0
Chapter15_175_175.wav	1
Chapter15_176_176.wav	1
Chapter15_177_177.wav	0
Chapter15_178_178.wav	1
Chapter15_179_179.wav	1
Chapter15_180_180.wav	1
Chapter15_181_181.wav	0
Chapter15_182_182.wav	1
Chapter15_183_183.wav	1
Chapter15_184_184.wav	1
Chapter16_1_1.wav	1
Chapter16_2_2.wav	1
Chapter16_3_3.wav	0
Chapter16_4_4.wav	0
Chapter16_5_5.wav	1
Chapter16_6_6.wav	1
Chapter16_7_7.wav	0
Chapter16_8_8.wav	1
Chapter16_9_9.wav	1
Chapter16_10_10.wav	1
Chapter16_11_11.wav	1
Chapter16_12_12.wav	1
Chapter16_13_13.wav	1
Chapter16_14_14.wav	0
Chapter16_15_15.wav	1
Chapter16_16_16.wav	1
Chapter16_17_17.wav	1
Chapter16_18_18.wav	1
Chapter16_19_19.wav	1
Chapter16_20_20.wav	1
Chapter16_21_21.wav	0
Chapter16_22_22.wav	1
Chapter16_23_23.wav	0
Chapter16_24_24.wav	1
Chapter16_25_25.wav	0
Chapter16_26_26.wav	0
Chapter16_27_27.wav	0
Chapter16_28_28.wav	0
Chapter16_29_29.wav	0
Chapter16_30_30.wav	0
Chapter16_31_31.wav	0
Chapter16_32_32.wav	0
Chapter16_33_33.wav	0
Chapter16_34_34.wav	0
Chapter16_35_35.wav	0
Chapter16_36_36.wav	0
Chapter16_37_37.wav	0
Chapter16_38_38.wav	1
Chapter16_39_39.wav	1
Chapter16_40_40.wav	1
Chapter16_41_41.wav	0
Chapter16_42_42.wav	1
Chapter16_43_43.wav	1
Chapter16_44_44.wav	1
Chapter16_45_45.wav	1
Chapter16_46_46.wav	1
Chapter16_47_47.wav	1
Chapter16_48_48.wav	0
Chapter16_49_49.wav	0
Chapter16_50_50.wav	1
Chapter16_51_51.wav	0
Chapter16_52_52.wav	0
Chapter16_53_53.wav	0
Chapter16_54_54.wav	1
Chapter16_55_55.wav	0
Chapter16_56_56.wav	0
Chapter16_57_57.wav	0
Chapter16_58_58.wav	0
Chapter16_59_59.wav	0
Chapter16_60_60.wav	0
Chapter16_61_61.wav	0
Chapter16_62_62.wav	1
Chapter16_63_63.wav	0
Chapter16_64_64.wav	0
Chapter16_65_65.wav	1
Chapter16_66_66.wav	1
Chapter16_67_67.wav	1
Chapter16_68_68.wav	0
Chapter16_69_69.wav	1
Chapter16_70_70.wav	0
Chapter16_71_71.wav	0
Chapter16_72_72.wav	0
Chapter16_73_73.wav	0
Chapter16_74_74.wav	1
Chapter16_75_75.wav	1
Chapter16_76_76.wav	0
Chapter16_77_77.wav	1
Chapter16_78_78.wav	1
Chapter16_79_79.wav	0
Chapter16_80_80.wav	1
Chapter16_81_81.wav	1
Chapter16_82_82.wav	0
Chapter16_83_83.wav	1
Chapter16_84_84.wav	0
Chapter16_85_85.wav	0
Chapter16_86_86.wav	0
Chapter16_87_87.wav	0
Chapter16_88_88.wav	0
Chapter16_89_89.wav	1
Chapter16_90_90.wav	0
Chapter16_91_91.wav	0
Chapter16_92_92.wav	1
Chapter16_93_93.wav	1
Chapter16_94_94.wav	1
Chapter16_95_95.wav	0
Chapter16_96_96.wav	0
Chapter16_97_97.wav	1
Chapter16_98_98.wav	0
Chapter16_99_99.wav	0
Chapter16_100_100.wav	0
Chapter16_101_101.wav	1
Chapter16_102_102.wav	0
Chapter16_103_103.wav	0
Chapter16_104_104.wav	0
Chapter16_105_105.wav	0
Chapter16_106_106.wav	0
Chapter16_107_107.wav	0
Chapter16_108_108.wav	0
Chapter16_109_109.wav	0
Chapter16_110_110.wav	1
Chapter16_111_111.wav	1
Chapter16_112_112.wav	0
Chapter16_113_113.wav	0
Chapter16_114_114.wav	1
Chapter16_115_115.wav	0
Chapter16_116_116.wav	1
Chapter16_117_117.wav	1
Chapter16_118_118.wav	1
Chapter16_119_119.wav	0
Chapter16_120_120.wav	0
Chapter16_121_121.wav	1
Chapter16_122_122.wav	1
Chapter16_123_123.wav	1
Chapter16_124_124.wav	0
Chapter16_125_125.wav	0
Chapter16_126_126.wav	0
Chapter16_127_127.wav	0
Chapter16_128_128.wav	0
Chapter16_129_129.wav	0
Chapter16_130_130.wav	1
Chapter16_131_131.wav	1
Chapter16_132_132.wav	0
Chapter16_133_133.wav	1
Chapter16_134_134.wav	0
Chapter16_135_135.wav	1
Chapter16_136_136.wav	0
Chapter16_137_137.wav	1
Chapter16_138_138.wav	0
Chapter16_139_139.wav	0
Chapter16_140_140.wav	0
Chapter16_141_141.wav	0
Chapter16_142_142.wav	0
Chapter16_143_143.wav	0
Chapter16_144_144.wav	0
Chapter16_145_145.wav	0
Chapter16_146_146.wav	1
Chapter16_147_147.wav	0
Chapter16_148_148.wav	1
Chapter16_149_149.wav	0
Chapter16_150_150.wav	0
Chapter16_151_151.wav	0
Chapter16_152_152.wav	1
Chapter16_153_153.wav	0
Chapter16_154_154.wav	1
Chapter16_155_155.wav	1
Chapter16_156_156.wav	1
Chapter16_157_157.wav	1
Chapter16_158_158.wav	0
Chapter16_159_159.wav	1
Chapter16_160_160.wav	0
Chapter16_161_161.wav	1
Chapter16_162_162.wav	0
Chapter16_163_163.wav	0
Chapter16_164_164.wav	0
Chapter16_165_165.wav	1
Chapter16_166_166.wav	1
Chapter16_167_167.wav	0
Chapter16_168_168.wav	0
Chapter16_169_169.wav	0
Chapter16_170_170.wav	0
Chapter16_171_171.wav	0
Chapter16_172_172.wav	0
Chapter16_173_173.wav	1
Chapter16_174_174.wav	0
Chapter16_175_175.wav	1
Chapter16_176_176.wav	0
Chapter16_177_177.wav	0
Chapter16_178_178.wav	1
Chapter16_179_179.wav	0
Chapter16_180_180.wav	1
Chapter16_181_181.wav	1
Chapter16_182_182.wav	0
Chapter16_183_183.wav	0
Chapter16_184_184.wav	1
Chapter16_185_185.wav	1
Chapter16_186_186.wav	1
Chapter16_187_187.wav	0
Chapter16_188_188.wav	0
Chapter16_189_189.wav	0
Chapter16_190_190.wav	1
Chapter16_191_191.wav	1
Chapter16_192_192.wav	0
Chapter16_193_193.wav	1
Chapter16_194_194.wav	0
Chapter16_195_195.wav	0
Chapter16_196_196.wav	0
Chapter16_197_197.wav	1
Chapter16_198_198.wav	0
Chapter16_199_199.wav	1
Chapter16_200_200.wav	1
Chapter16_201_201.wav	0
Chapter16_202_202.wav	0
Chapter16_203_203.wav	1
Chapter16_204_204.wav	1
Chapter16_205_205.wav	0
Chapter16_206_206.wav	1
Chapter16_207_207.wav	1
Chapter16_208_208.wav	1
Chapter16_209_209.wav	1
Chapter16_210_210.wav	1
Chapter16_211_211.wav	1
Chapter16_212_212.wav	1
Chapter16_213_213.wav	1
Chapter16_214_214.wav	0
Chapter16_215_215.wav	0
Chapter16_216_216.wav	0
Chapter16_217_217.wav	0
Chapter16_218_218.wav	1
Chapter16_219_219.wav	0
Chapter16_220_220.wav	0
Chapter16_221_221.wav	0
Chapter16_222_222.wav	1
Chapter16_223_223.wav	1
Chapter17_1_1.wav	1
Chapter17_2_2.wav	1
Chapter17_3_3.wav	0
Chapter17_4_4.wav	1
Chapter17_5_5.wav	1
Chapter17_6_6.wav	1
Chapter17_7_7.wav	1
Chapter17_8_8.wav	1
Chapter17_9_9.wav	0
Chapter17_10_10.wav	1
Chapter17_11_11.wav	0
Chapter17_12_12.wav	0
Chapter17_13_13.wav	0
Chapter17_14_14.wav	0
Chapter17_15_15.wav	0
Chapter17_16_16.wav	0
Chapter17_17_17.wav	0
Chapter17_18_18.wav	0
Chapter17_19_19.wav	0
Chapter17_20_20.wav	1
Chapter17_21_21.wav	0
Chapter17_22_22.wav	1
Chapter17_23_23.wav	1
Chapter17_24_24.wav	1
Chapter17_25_25.wav	0
Chapter17_26_26.wav	0
Chapter17_27_27.wav	1
Chapter17_28_28.wav	0
Chapter17_29_29.wav	0
Chapter17_30_30.wav	1
Chapter17_31_31.wav	0
Chapter17_32_32.wav	0
Chapter17_33_33.wav	1
Chapter17_34_34.wav	0
Chapter17_35_35.wav	0
Chapter17_36_36.wav	0
Chapter17_37_37.wav	1
Chapter17_38_38.wav	0
Chapter17_39_39.wav	0
Chapter17_40_40.wav	0
Chapter17_41_41.wav	1
Chapter17_42_42.wav	0
Chapter17_43_43.wav	0
Chapter17_44_44.wav	0
Chapter17_45_45.wav	0
Chapter17_46_46.wav	0
Chapter17_47_47.wav	1
Chapter17_48_48.wav	0
Chapter17_49_49.wav	1
Chapter17_50_50.wav	0
Chapter17_51_51.wav	0
Chapter17_52_52.wav	1
Chapter17_53_53.wav	0
Chapter17_54_54.wav	1
Chapter17_55_55.wav	1
Chapter17_56_56.wav	0
Chapter17_57_57.wav	0
Chapter17_58_58.wav	1
Chapter17_59_59.wav	0
Chapter17_60_60.wav	1
Chapter17_61_61.wav	0
Chapter17_62_62.wav	1
Chapter17_63_63.wav	1
Chapter17_64_64.wav	1
Chapter17_65_65.wav	1
Chapter17_66_66.wav	0
Chapter17_67_67.wav	0
Chapter17_68_68.wav	0
Chapter17_69_69.wav	0
Chapter17_70_70.wav	0
Chapter17_71_71.wav	0
Chapter17_72_72.wav	0
Chapter17_73_73.wav	0
Chapter17_74_74.wav	0
Chapter17_75_75.wav	0
Chapter17_76_76.wav	0
Chapter17_77_77.wav	0
Chapter17_78_78.wav	1
Chapter17_79_79.wav	0
Chapter17_80_80.wav	0
Chapter17_81_81.wav	1
Chapter17_82_82.wav	0
Chapter17_83_83.wav	1
Chapter17_84_84.wav	0
Chapter17_85_85.wav	1
Chapter17_86_86.wav	0
Chapter17_87_87.wav	1
Chapter17_88_88.wav	0
Chapter17_89_89.wav	0
Chapter17_90_90.wav	1
Chapter17_91_91.wav	0
Chapter17_92_92.wav	0
Chapter17_93_93.wav	0
Chapter17_94_94.wav	0
Chapter17_95_95.wav	0
Chapter17_96_96.wav	0
Chapter17_97_97.wav	1
Chapter17_98_98.wav	0
Chapter17_99_99.wav	0
Chapter17_100_100.wav	1
Chapter17_101_101.wav	0
Chapter17_102_102.wav	0
Chapter17_103_103.wav	1
Chapter17_104_104.wav	0
Chapter17_105_105.wav	0
Chapter17_106_106.wav	0
Chapter17_107_107.wav	1
Chapter17_108_108.wav	0
Chapter17_109_109.wav	0
Chapter17_110_110.wav	0
Chapter17_111_111.wav	0
Chapter17_112_112.wav	1
Chapter17_113_113.wav	0
Chapter17_114_114.wav	0
Chapter17_115_115.wav	1
Chapter17_116_116.wav	1
Chapter17_117_117.wav	1
Chapter17_118_118.wav	1
Chapter17_119_119.wav	0
Chapter17_120_120.wav	1
Chapter17_121_121.wav	1
Chapter17_122_122.wav	1
Chapter17_123_123.wav	1
Chapter17_124_124.wav	0
Chapter17_125_125.wav	1
Chapter17_126_126.wav	0
Chapter17_127_127.wav	1
Chapter17_128_128.wav	0
Chapter17_129_129.wav	1
Chapter17_130_130.wav	1
Chapter17_131_131.wav	1
Chapter17_132_132.wav	0
Chapter17_133_133.wav	1
Chapter17_134_134.wav	1
Chapter17_135_135.wav	1
Chapter17_136_136.wav	0
Chapter17_137_137.wav	0
Chapter17_138_138.wav	1
Chapter17_139_139.wav	0
Chapter17_140_140.wav	0
Chapter17_141_141.wav	0
Chapter17_142_142.wav	1
Chapter17_143_143.wav	0
Chapter17_144_144.wav	1
Chapter17_145_145.wav	0
Chapter17_146_146.wav	1
Chapter17_147_147.wav	0
Chapter17_148_148.wav	1
Chapter17_149_149.wav	1
Chapter17_150_150.wav	0
Chapter17_151_151.wav	0
Chapter17_152_152.wav	1
Chapter17_153_153.wav	0
Chapter17_154_154.wav	1
Chapter17_155_155.wav	1
Chapter17_156_156.wav	1
Chapter17_157_157.wav	1
Chapter17_158_158.wav	0
Chapter17_159_159.wav	1
Chapter17_160_160.wav	1
Chapter17_161_161.wav	1
Chapter17_162_162.wav	1
Chapter17_163_163.wav	0
Chapter17_164_164.wav	1
Chapter17_165_165.wav	1
Chapter17_166_166.wav	1
Chapter17_167_167.wav	1
Chapter17_168_168.wav	1
Chapter18_1_1.wav	1
Chapter18_2_2.wav	1
Chapter18_3_3.wav	1
Chapter18_4_4.wav	1
Chapter18_5_5.wav	0
Chapter18_6_6.wav	1
Chapter18_7_7.wav	1
Chapter18_8_8.wav	1
Chapter18_9_9.wav	1
Chapter18_10_10.wav	1
Chapter18_11_11.wav	1
Chapter18_12_12.wav	1
Chapter18_13_13.wav	1
Chapter18_14_14.wav	1
Chapter18_15_15.wav	1
Chapter18_16_16.wav	1
Chapter18_17_17.wav	1
Chapter18_18_18.wav	0
Chapter18_19_19.wav	0
Chapter18_20_20.wav	1
Chapter18_21_21.wav	0
Chapter18_22_22.wav	1
Chapter18_23_23.wav	1
Chapter18_24_24.wav	0
Chapter18_25_25.wav	1
Chapter18_26_26.wav	1
Chapter18_27_27.wav	1
Chapter18_28_28.wav	0
Chapter18_29_29.wav	0
Chapter18_30_30.wav	0
Chapter18_31_31.wav	0
Chapter18_32_32.wav	1
Chapter18_33_33.wav	0
Chapter18_34_34.wav	0
Chapter18_35_35.wav	0
Chapter18_36_36.wav	1
Chapter18_37_37.wav	1
Chapter18_38_38.wav	0
Chapter18_39_39.wav	0
Chapter18_40_40.wav	0
Chapter18_41_41.wav	0
Chapter18_42_42.wav	0
Chapter18_43_43.wav	0
Chapter18_44_44.wav	0
Chapter18_45_45.wav	1
Chapter18_46_46.wav	0
Chapter18_47_47.wav	0
Chapter18_48_48.wav	1
Chapter18_49_49.wav	1
Chapter18_50_50.wav	0
Chapter18_51_51.wav	0
Chapter18_52_52.wav	0
Chapter18_53_53.wav	0
Chapter18_54_54.wav	1
Chapter18_55_55.wav	1
Chapter18_56_56.wav	0
Chapter18_57_57.wav	0
Chapter18_58_58.wav	1
Chapter18_59_59.wav	1
Chapter18_60_60.wav	1
Chapter18_61_61.wav	0
Chapter18_62_62.wav	0
Chapter18_63_63.wav	0
Chapter18_64_64.wav	1
Chapter18_65_65.wav	1
Chapter18_66_66.wav	0
Chapter18_67_67.wav	1
Chapter18_68_68.wav	1
Chapter18_69_69.wav	0
Chapter18_70_70.wav	0
Chapter18_71_71.wav	1
Chapter18_72_72.wav	1
Chapter18_73_73.wav	1
Chapter18_74_74.wav	1
Chapter18_75_75.wav	0
Chapter18_76_76.wav	1
Chapter18_77_77.wav	1
Chapter18_78_78.wav	1
Chapter18_79_79.wav	1
Chapter18_80_80.wav	0
Chapter18_81_81.wav	0
Chapter18_82_82.wav	0
Chapter18_83_83.wav	1
Chapter18_84_84.wav	0
Chapter18_85_85.wav	0
Chapter18_86_86.wav	0
Chapter18_87_87.wav	0
Chapter18_88_88.wav	1
Chapter18_89_89.wav	0
Chapter18_90_90.wav	1
Chapter18_91_91.wav	0
Chapter18_92_92.wav	0
Chapter18_93_93.wav	0
Chapter18_94_94.wav	0
Chapter18_95_95.wav	0
Chapter18_96_96.wav	0
Chapter18_97_97.wav	0
Chapter18_98_98.wav	1
Chapter18_99_99.wav	1
Chapter18_100_100.wav	0
Chapter18_101_101.wav	1
Chapter18_102_102.wav	1
Chapter18_103_103.wav	0
Chapter18_104_104.wav	0
Chapter18_105_105.wav	0
Chapter18_106_106.wav	0
Chapter18_107_107.wav	1
Chapter18_108_108.wav	1
Chapter18_109_109.wav	1
Chapter18_110_110.wav	0
Chapter18_111_111.wav	0
Chapter18_112_112.wav	1
Chapter18_113_113.wav	1
Chapter18_114_114.wav	0
Chapter18_115_115.wav	0
Chapter18_116_116.wav	0
Chapter18_117_117.wav	1
Chapter18_118_118.wav	0
Chapter18_119_119.wav	0
Chapter18_120_120.wav	0
Chapter18_121_121.wav	1
Chapter18_122_122.wav	1
Chapter18_123_123.wav	0
Chapter18_124_124.wav	1
Chapter18_125_125.wav	0
Chapter18_126_126.wav	0
Chapter18_127_127.wav	0
Chapter18_128_128.wav	1
Chapter18_129_129.wav	0
Chapter18_130_130.wav	0
Chapter18_131_131.wav	0
Chapter18_132_132.wav	0
Chapter18_133_133.wav	0
Chapter18_134_134.wav	0
Chapter18_135_135.wav	1
Chapter18_136_136.wav	0
Chapter18_137_137.wav	1
Chapter18_138_138.wav	0
Chapter18_139_139.wav	1
Chapter18_140_140.wav	1
Chapter18_141_141.wav	0
Chapter18_142_142.wav	1
Chapter18_143_143.wav	1
Chapter18_144_144.wav	0
Chapter18_145_145.wav	1
Chapter18_146_146.wav	0
Chapter18_147_147.wav	1
Chapter18_148_148.wav	1
Chapter18_149_149.wav	0
Chapter18_150_150.wav	0
Chapter18_151_151.wav	0
Chapter18_152_152.wav	0
Chapter18_153_153.wav	0
Chapter18_154_154.wav	0
Chapter18_155_155.wav	0
Chapter18_156_156.wav	0
Chapter18_157_157.wav	0
Chapter18_158_158.wav	0
Chapter18_159_159.wav	0
Chapter18_160_160.wav	1
Chapter18_161_161.wav	0
Chapter18_162_162.wav	1
Chapter18_163_163.wav	1
Chapter19_1_1.wav	1
Chapter19_2_2.wav	1
Chapter19_3_3.wav	1
Chapter19_4_4.wav	0
Chapter19_5_5.wav	0
Chapter19_6_6.wav	1
Chapter19_7_7.wav	1
Chapter19_8_8.wav	1
Chapter19_9_9.wav	0
Chapter19_10_10.wav	1
Chapter19_11_11.wav	1
Chapter19_12_12.wav	0
Chapter19_13_13.wav	0
Chapter19_14_14.wav	1
Chapter19_15_15.wav	1
Chapter19_16_16.wav	0
Chapter19_17_17.wav	0
Chapter19_18_18.wav	1
Chapter19_19_19.wav	0
Chapter19_20_20.wav	0
Chapter19_21_21.wav	0
Chapter19_22_22.wav	1
Chapter19_23_23.wav	1
Chapter19_24_24.wav	1
Chapter19_25_25.wav	0
Chapter19_26_26.wav	1
Chapter19_27_27.wav	1
Chapter19_28_28.wav	0
Chapter19_29_29.wav	0
Chapter19_30_30.wav	1
Chapter19_31_31.wav	0
Chapter19_32_32.wav	0
Chapter19_33_33.wav	1
Chapter19_34_34.wav	1
Chapter19_35_35.wav	0
Chapter19_36_36.wav	0
Chapter19_37_37.wav	1
Chapter19_38_38.wav	1
Chapter19_39_39.wav	1
Chapter19_40_40.wav	0
Chapter19_41_41.wav	1
Chapter19_42_42.wav	1
Chapter19_43_43.wav	0
Chapter19_44_44.wav	0
Chapter19_45_45.wav	1
Chapter19_46_46.wav	1
Chapter19_47_47.wav	0
Chapter19_48_48.wav	1
Chapter19_49_49.wav	1
Chapter19_50_50.wav	1
Chapter19_51_51.wav	0
Chapter19_52_52.wav	0
Chapter19_53_53.wav	0
Chapter19_54_54.wav	1
Chapter19_55_55.wav	0
Chapter19_56_56.wav	1
Chapter19_57_57.wav	0
Chapter19_58_58.wav	1
Chapter19_59_59.wav	1
Chapter19_60_60.wav	1
Chapter19_61_61.wav	1
Chapter19_62_62.wav	0
Chapter19_63_63.wav	0
Chapter19_64_64.wav	1
Chapter19_65_65.wav	1
Chapter19_66_66.wav	1
Chapter19_67_67.wav	1
Chapter19_68_68.wav	0
Chapter19_69_69.wav	1
Chapter19_70_70.wav	0
Chapter19_71_71.wav	0
Chapter19_72_72.wav	1
Chapter19_73_73.wav	1
Chapter19_74_74.wav	0
Chapter19_75_75.wav	1
Chapter19_76_76.wav	1
Chapter19_77_77.wav	0
Chapter19_78_78.wav	1
Chapter19_79_79.wav	1
Chapter19_80_80.wav	0
Chapter19_81_81.wav	1
Chapter19_82_82.wav	1
Chapter19_83_83.wav	0
Chapter19_84_84.wav	0
Chapter19_85_85.wav	0
Chapter19_86_86.wav	0
Chapter19_87_87.wav	1
Chapter19_88_88.wav	1
Chapter19_89_89.wav	0
Chapter19_90_90.wav	1
Chapter19_91_91.wav	0
Chapter19_92_92.wav	1
Chapter19_93_93.wav	0
Chapter19_94_94.wav	1
Chapter19_95_95.wav	1
Chapter19_96_96.wav	1
Chapter19_97_97.wav	1
Chapter19_98_98.wav	1
Chapter19_99_99.wav	1
Chapter19_100_100.wav	1
Chapter19_101_101.wav	0
Chapter19_102_102.wav	1
Chapter19_103_103.wav	1
Chapter19_104_104.wav	1
Chapter19_105_105.wav	1
Chapter19_106_106.wav	1
Chapter19_107_107.wav	0
Chapter19_108_108.wav	1
Chapter19_109_109.wav	0
Chapter19_110_110.wav	0
Chapter19_111_111.wav	0
Chapter19_112_112.wav	1
Chapter19_113_113.wav	1
Chapter19_114_114.wav	0
Chapter19_115_115.wav	0
Chapter19_116_116.wav	1
Chapter19_117_117.wav	1
Chapter19_118_118.wav	1
Chapter19_119_119.wav	1
Chapter19_120_120.wav	0
Chapter19_121_121.wav	1
Chapter19_122_122.wav	0
Chapter19_123_123.wav	1
Chapter19_124_124.wav	0
Chapter19_125_125.wav	0
Chapter19_126_126.wav	0
Chapter19_127_127.wav	1
Chapter19_128_128.wav	1
Chapter19_129_129.wav	0
Chapter19_130_130.wav	1
Chapter19_131_131.wav	1
Chapter19_132_132.wav	1
Chapter19_133_133.wav	1
Chapter19_134_134.wav	1
Chapter19_135_135.wav	0
Chapter19_136_136.wav	0
Chapter19_137_137.wav	0
Chapter19_138_138.wav	0
Chapter19_139_139.wav	1
Chapter19_140_140.wav	0
Chapter19_141_141.wav	1
Chapter19_142_142.wav	0
Chapter19_143_143.wav	0
Chapter19_144_144.wav	0
Chapter19_145_145.wav	0
Chapter19_146_146.wav	1
Chapter19_147_147.wav	0
Chapter19_148_148.wav	0
Chapter19_149_149.wav	0
Chapter19_150_150.wav	0
Chapter19_151_151.wav	1
Chapter19_152_152.wav	1
Chapter19_153_153.wav	1
Chapter19_154_154.wav	0
Chapter19_155_155.wav	1
Chapter19_156_156.wav	1
Chapter20_1_1.wav	1
Chapter20_2_2.wav	0
Chapter20_3_3.wav	1
Chapter20_4_4.wav	1
Chapter20_5_5.wav	1
Chapter20_6_6.wav	1
Chapter20_7_7.wav	1
Chapter20_8_8.wav	1
Chapter20_9_9.wav	1
Chapter20_10_10.wav	1
Chapter20_11_11.wav	0
Chapter20_12_12.wav	0
Chapter20_13_13.wav	1
Chapter20_14_14.wav	1
Chapter20_15_15.wav	1
Chapter20_16_16.wav	0
Chapter20_17_17.wav	0
Chapter20_18_18.wav	0
Chapter20_19_19.wav	0
Chapter20_20_20.wav	1
Chapter20_21_21.wav	1
Chapter20_22_22.wav	0
Chapter20_23_23.wav	0
Chapter20_24_24.wav	1
Chapter20_25_25.wav	1
Chapter20_26_26.wav	1
Chapter20_27_27.wav	0
Chapter20_28_28.wav	1
Chapter20_29_29.wav	0
Chapter20_30_30.wav	1
Chapter20_31_31.wav	0
Chapter20_32_32.wav	1
Chapter20_33_33.wav	1
Chapter20_34_34.wav	0
Chapter20_35_35.wav	0
Chapter20_36_36.wav	1
Chapter20_37_37.wav	1
Chapter20_38_38.wav	0
Chapter20_39_39.wav	1
Chapter20_40_40.wav	0
Chapter20_41_41.wav	0
Chapter20_42_42.wav	0
Chapter20_43_43.wav	1
Chapter20_44_44.wav	1
Chapter20_45_45.wav	1
Chapter20_46_46.wav	0
Chapter20_47_47.wav	1
Chapter20_48_48.wav	0
Chapter20_49_49.wav	0
Chapter20_50_50.wav	1
Chapter20_51_51.wav	1
Chapter20_52_52.wav	0
Chapter20_53_53.wav	0
Chapter20_54_54.wav	1
Chapter20_55_55.wav	1
Chapter20_56_56.wav	1
Chapter20_57_57.wav	1
Chapter20_58_58.wav	1
Chapter20_59_59.wav	0
Chapter20_60_60.wav	1
Chapter20_61_61.wav	0
Chapter20_62_62.wav	1
Chapter20_63_63.wav	0
Chapter20_64_64.wav	1
Chapter20_65_65.wav	0
Chapter20_66_66.wav	0
Chapter20_67_67.wav	1
Chapter20_68_68.wav	0
Chapter20_69_69.wav	0
Chapter20_70_70.wav	1
Chapter20_71_71.wav	0
Chapter20_72_72.wav	1
Chapter20_73_73.wav	1
Chapter20_74_74.wav	1
Chapter20_75_75.wav	0
Chapter20_76_76.wav	0
Chapter20_77_77.wav	0
Chapter20_78_78.wav	1
Chapter20_79_79.wav	1
Chapter20_80_80.wav	1
Chapter20_81_81.wav	1
Chapter20_82_82.wav	1
Chapter20_83_83.wav	0
Chapter20_84_84.wav	0
Chapter20_85_85.wav	0
Chapter20_86_86.wav	1
Chapter20_87_87.wav	0
Chapter20_88_88.wav	1
Chapter20_89_89.wav	1
Chapter20_90_90.wav	0
Chapter20_91_91.wav	0
Chapter20_92_92.wav	1
Chapter20_93_93.wav	0
Chapter20_94_94.wav	1
Chapter20_95_95.wav	0
Chapter20_96_96.wav	1
Chapter20_97_97.wav	1
Chapter20_98_98.wav	1
Chapter20_99_99.wav	1
Chapter20_100_100.wav	1
Chapter20_101_101.wav	1
Chapter20_102_102.wav	1
Chapter20_103_103.wav	1
Chapter20_104_104.wav	1
Chapter20_105_105.wav	1
Chapter20_106_106.wav	1
Chapter20_107_107.wav	0
Chapter20_108_108.wav	1
Chapter20_109_109.wav	1
Chapter20_110_110.wav	0
Chapter20_111_111.wav	0
Chapter20_112_112.wav	1
Chapter20_113_113.wav	0
Chapter20_114_114.wav	1
Chapter20_115_115.wav	0
Chapter20_116_116.wav	1
Chapter20_117_117.wav	1
Chapter20_118_118.wav	0
Chapter20_119_119.wav	1
Chapter20_120_120.wav	1
Chapter20_121_121.wav	0
Chapter20_122_122.wav	1
Chapter20_123_123.wav	0
Chapter20_124_124.wav	1
Chapter20_125_125.wav	1
Chapter20_126_126.wav	1
Chapter20_127_127.wav	1
Chapter20_128_128.wav	1
Chapter20_129_129.wav	1
Chapter20_130_130.wav	0
Chapter20_131_131.wav	0
Chapter20_132_132.wav	1
Chapter20_133_133.wav	1
Chapter20_134_134.wav	1
Chapter20_135_135.wav	1
Chapter20_136_136.wav	0
Chapter20_137_137.wav	1
Chapter20_138_138.wav	1
Chapter20_139_139.wav	1
Chapter20_140_140.wav	1
Chapter20_141_141.wav	1
Chapter20_142_142.wav	1
Chapter20_143_143.wav	0
Chapter20_144_144.wav	0
Chapter20_145_145.wav	1
Chapter20_146_146.wav	0
Chapter20_147_147.wav	0
Chapter20_148_148.wav	0
Chapter20_149_149.wav	0
Chapter20_150_150.wav	1
Chapter20_151_151.wav	1
Chapter20_152_152.wav	0
Chapter20_153_153.wav	1
Chapter20_154_154.wav	0
Chapter20_155_155.wav	1
Chapter20_156_156.wav	0
Chapter20_157_157.wav	1
Chapter20_158_158.wav	0
Chapter20_159_159.wav	0
Chapter20_160_160.wav	0
Chapter20_161_161.wav	0
Chapter20_162_162.wav	0
Chapter20_163_163.wav	0
Chapter20_164_164.wav	1
Chapter20_165_165.wav	1
Chapter20_166_166.wav	1
Chapter20_167_167.wav	1
